id,name_th,name_en,emoji,unit,default,used_in,how_th,how_en
march,ย่ำเท้าอยู่กับที่,March in place,🚶,sec,60,"เวทเต็มตัว, เวทช่วงบน, เวทช่วงล่าง, คาร์ดิโอ, วอร์มอัพ",ยกเข่าสลับ แกว่งแขนเบา ๆ หายใจสม่ำเสมอ,"Lift knees in turn, swing arms gently, breathe steadily"
armc,หมุนแขน,Arm circles,🙆,sec,30,วอร์มอัพ,กางแขน หมุนวงเล็กไปวงใหญ่ แล้วหมุนกลับ,"Arms out, small to big circles, then reverse"
legsw,เหวี่ยงขา,Leg swings,🦵,sec,30,วอร์มอัพ,จับผนัง เหวี่ยงขาหน้า-หลังเบา ๆ สลับข้าง,"Hold a wall, swing each leg forward and back"
squat,สควอท,Squats,🦵,reps,12,"เวทเต็มตัว, เวทช่วงล่าง",ยืนกว้างเท่าไหล่ ย่อสะโพกไปด้านหลังเหมือนนั่งเก้าอี้ หลังตรง,"Feet shoulder-width, sit hips back like onto a chair, back straight"
kpush,วิดพื้นแบบคุกเข่า,Knee push-ups,💪,reps,8,"เวทเต็มตัว, เวทช่วงบน",คุกเข่า มือกว้างกว่าไหล่ ลำตัวตรง ลดอกลงแล้วดันขึ้น,"On knees, hands wider than shoulders, body straight, lower and press up"
push,วิดพื้น,Push-ups,💪,reps,10,"เวทเต็มตัว, เวทช่วงบน",ลำตัวตรงจากหัวถึงส้นเท้า ลดอกใกล้พื้นแล้วดันขึ้น,"Straight line head to heels, chest near the floor, press up"
bridge,ยกสะโพก,Glute bridges,🍑,reps,15,"เวทเต็มตัว, เวทช่วงล่าง",นอนหงาย ชันเข่า ยกสะโพกขึ้น บีบก้นค้าง 1 วินาที,"Lie on your back, knees bent, lift hips and squeeze for a second"
lunge,ลันจ์ถอยหลัง,Reverse lunges,🚶,reps,10,"เวทเต็มตัว, เวทช่วงล่าง",ก้าวถอยหลัง ย่อเข่าหลังลงใกล้พื้น สลับข้าง (นับรวมสองข้าง),"Step back, lower the back knee toward the floor, alternate (both sides count)"
plank,แพลงก์,Plank,🧱,sec,30,"เวทเต็มตัว, เวทช่วงบน, เวทช่วงล่าง",วางศอกใต้ไหล่ ลำตัวตรง เกร็งท้อง อย่าให้สะโพกตก,"Elbows under shoulders, body straight, brace your core, hips level"
superman,ซูเปอร์แมน,Superman,🦸,reps,12,"เวทเต็มตัว, เวทช่วงบน",นอนคว่ำ ยกแขนและขาขึ้นพร้อมกัน ค้างสั้น ๆ แล้ววางลง,"Lie face down, lift arms and legs together, hold briefly, lower"
deadbug,เดดบัก,Dead bug,🐞,reps,10,เวทเต็มตัว,นอนหงาย ยืดแขนขาฝั่งตรงข้ามออกช้า ๆ หลังแนบพื้น,"On your back, slowly extend opposite arm and leg, low back on the floor"
dips,ดิปกับเก้าอี้,Chair dips,🪑,reps,10,เวทช่วงบน,มือจับขอบเก้าอี้ด้านหลัง งอศอกลดตัวลงแล้วดันขึ้น,"Hands on a chair behind you, bend elbows to lower, press up"
wallsit,นั่งพิงกำแพง,Wall sit,🧱,sec,30,เวทช่วงล่าง,หลังพิงผนัง ย่อจนต้นขาขนานพื้น ค้างไว้,"Back on the wall, thighs parallel to the floor, hold"
calf,เขย่งปลายเท้า,Calf raises,🦶,reps,15,เวทช่วงล่าง,ยืนตรง เขย่งขึ้นช้า ๆ แล้วลดลง,"Stand tall, rise onto your toes slowly, lower"
splank,แพลงก์ด้านข้าง,Side plank,🧱,sec,20,เวทช่วงบน,ตะแคง ยันศอก ยกสะโพกให้ลำตัวตรง (แบ่งสองข้าง),"On your side on one elbow, lift hips into a line (split both sides)"
stepup,ก้าวขึ้นบันได,Step-ups,🪜,reps,12,เวทช่วงล่าง,ก้าวขึ้นขั้นบันไดหรือกล่องมั่นคง สลับขา,"Step up onto a stair or sturdy box, alternate legs"
jacks,กระโดดตบ,Jumping jacks,⭐,sec,40,"เวทเต็มตัว, เวทช่วงบน, เวทช่วงล่าง, คาร์ดิโอ, HIIT, วอร์มอัพ",กระโดดกางขา ยกแขนเหนือหัว แล้วหุบ (ไม่กระโดด: ก้าวออกข้าง),"Jump feet out, arms overhead, back in (low impact: step out)"
knees,วิ่งยกเข่าสูง,High knees,🏃,sec,30,"เวทเต็มตัว, เวทช่วงบน, เวทช่วงล่าง, คาร์ดิโอ, HIIT",วิ่งอยู่กับที่ ยกเข่าสูงระดับสะโพก,"Run in place, knees to hip height"
climb,เมาท์เทนไคลม์เบอร์,Mountain climbers,⛰️,sec,30,"เวทเต็มตัว, เวทช่วงบน, เวทช่วงล่าง, คาร์ดิโอ, HIIT",ท่าวิดพื้น ดึงเข่าเข้าหาอกสลับเร็ว ๆ,"Push-up position, drive knees to chest in turn"
skater,สเก็ตเตอร์,Skaters,⛸️,sec,30,"เวทเต็มตัว, เวทช่วงบน, เวทช่วงล่าง, คาร์ดิโอ, HIIT",กระโดดข้างซ้าย-ขวา แตะเท้าหลังเบา ๆ,"Leap side to side, light back-foot touch"
burpee,เบอร์พี,Burpees,🔥,reps,8,"เวทเต็มตัว, HIIT",ย่อ วางมือ ถีบขาหลัง ดึงกลับ แล้วกระโดดขึ้น,"Squat, hands down, kick back, return, jump up"
box,ชกลม,Shadow boxing,🥊,sec,45,"เวทเต็มตัว, เวทช่วงบน, เวทช่วงล่าง, คาร์ดิโอ",ยืนย่อเข่าเล็กน้อย ชกหมัดตรงสลับ เคลื่อนเท้าเบา ๆ,"Soft knees, alternate straight punches, light footwork"
gsquat,สควอทดัมเบล,Goblet squats,🏋️,reps,10,"เวทเต็มตัว, เวทช่วงล่าง",ถือดัมเบลชิดอก ย่อสะโพกลง หลังตรง,"Hold a dumbbell at your chest, squat down, back straight"
bench,ดันอก (เบนช์เพรส),Bench press,🏋️,reps,10,"เวทเต็มตัว, เวทช่วงบน",นอนบนม้านั่ง ลดบาร์/ดัมเบลถึงอกแล้วดันขึ้น,"Lie on the bench, lower to your chest, press up"
row,ซีทเต็ดโรว์,Seated row,🚣,reps,12,"เวทเต็มตัว, เวทช่วงบน",นั่งหลังตรง ดึงด้ามจับเข้าหาท้อง บีบสะบัก,"Sit tall, pull the handle to your belly, squeeze shoulder blades"
latpd,แลตพูลดาวน์,Lat pulldown,⬇️,reps,12,เวทช่วงบน,ดึงบาร์ลงถึงอกบน ศอกชี้ลงพื้น,"Pull the bar to your upper chest, elbows down"
ohp,ดันไหล่ดัมเบล,Shoulder press,🏋️,reps,10,"เวทเต็มตัว, เวทช่วงบน",นั่งหรือยืน ดันดัมเบลจากระดับไหล่ขึ้นเหนือหัว,Press dumbbells from shoulders to overhead
rdl,โรมาเนียนเดดลิฟต์,Romanian deadlift,🏋️,reps,10,"เวทเต็มตัว, เวทช่วงล่าง",ถือดัมเบล พับสะโพกไปด้านหลัง หลังตรง แล้วยืดขึ้น,"Hold dumbbells, hinge hips back with a flat back, stand up"
lpress,เลกเพรส,Leg press,🦵,reps,12,เวทช่วงล่าง,วางเท้ากว้างเท่าไหล่ ดันจนเกือบสุด ไม่ล็อกเข่า,"Feet shoulder-width, press out without locking knees"
curl,ดัมเบลเคิร์ล,Biceps curls,💪,reps,12,เวทช่วงบน,ศอกชิดลำตัว ยกดัมเบลขึ้นช้า ๆ,"Elbows by your sides, curl the dumbbells up slowly"
triext,ไทรเซปส์เอ็กซ์เทนชัน,Triceps extension,💪,reps,12,เวทช่วงบน,ยกดัมเบลเหนือหัว งอศอกลดไปด้านหลังแล้วเหยียด,"Dumbbell overhead, bend elbows behind, extend"
walk,เดินเร็ว,Brisk walk,🚶,min,20,"คาร์ดิโอ, เดินเร็ว",เดินเร็วจนพูดได้แต่ร้องเพลงไม่ได้,Walk fast enough that you can talk but not sing
jog,วิ่งเหยาะ,Easy jog,🏃,min,15,คาร์ดิโอ,วิ่งช้า ๆ หายใจสะดวก,Run slowly with easy breathing
bike,ปั่นจักรยาน,Cycling,🚴,min,20,ยังไม่ได้ใช้ในตาราง,ปั่นต่อเนื่องระดับเหนื่อยปานกลาง,Pedal steadily at moderate effort
ellip,เครื่องเดินวงรี,Elliptical,🏃,min,20,คาร์ดิโอ,ระดับเหนื่อยปานกลาง หลังตรง,"Moderate effort, stand tall"
catcow,แมว-วัว,Cat-cow,🐈,sec,40,ยืดเหยียด,คลาน แอ่นหลังและโก่งหลังสลับช้า ๆ ตามลมหายใจ,"On all fours, arch and round your back slowly with your breath"
child,ท่าเด็ก,Child's pose,🧘,sec,40,"ยืดเหยียด, คูลดาวน์",นั่งบนส้นเท้า ก้มตัวไปข้างหน้า ยืดแขน ผ่อนคลาย,"Sit back on your heels, fold forward, arms long, relax"
ham,ยืดต้นขาหลัง,Hamstring stretch,🦵,sec,30,"ยืดเหยียด, คูลดาวน์",นั่งเหยียดขา โน้มตัวไปหาปลายเท้าเบา ๆ (แบ่งสองข้าง),"Sit with legs long, lean toward your toes gently (split both sides)"
hip,ยืดสะโพกด้านหน้า,Hip flexor stretch,🧎,sec,30,"ยืดเหยียด, คูลดาวน์",คุกเข่าข้างเดียว ดันสะโพกไปข้างหน้า (แบ่งสองข้าง),"Half kneel, push hips forward (split both sides)"
chest,ยืดอกและไหล่,Chest & shoulder stretch,🙆,sec,30,"ยืดเหยียด, คูลดาวน์",ประสานมือด้านหลัง ยืดอก ดึงไหล่ลง,"Clasp hands behind you, open the chest, shoulders down"
twist,บิดลำตัวนอน,Lying twist,🌀,sec,30,ยืดเหยียด,นอนหงาย พับเข่าไปด้านข้าง หันหน้าไปอีกฝั่ง (แบ่งสองข้าง),"On your back, drop knees to one side, look the other way (split both sides)"
cobra,ท่างู,Cobra,🐍,sec,30,ยืดเหยียด,นอนคว่ำ ดันอกขึ้นเบา ๆ สะโพกแนบพื้น,"Face down, gently press your chest up, hips on the floor"
rest,พัก,Rest,😮‍💨,sec,30,พัก,หายใจลึก ๆ จิบน้ำได้,"Breathe deeply, sip some water"
