id,name_th,name_en,reference_image,needs_start_image,start_image_prompt,video_prompt
march,ย่ำเท้าอยู่กับที่,March in place,art/ref_front.png,no,,"Animate the character in this image. Front view, static camera, the drawing style stays flat 2D and unchanged. The character performs one repetition of marching in place: lifts the right knee to hip height while swinging the left arm forward, then switches sides, steady relaxed rhythm. The last frame matches the first frame for a seamless loop. Keep the plain chroma-green background, no text. 3 seconds, square 1:1."
armc,หมุนแขน,Arm circles,art/ref_front.png,no,,"Animate the character in this image. Front view, static camera, the drawing style stays flat 2D and unchanged. The character performs one repetition of standing tall with arms straight out to the sides at shoulder height, drawing small forward circles with both arms that grow into big circles. The last frame matches the first frame for a seamless loop. Keep the plain chroma-green background, no text. 3 seconds, square 1:1."
legsw,เหวี่ยงขา,Leg swings,art/ref_side.png,yes,"Using the character in the reference image, draw them standing sideways next to a plain wall, near hand resting on the wall. Side view, full body in frame, centered. Keep exactly the same character as the image: same face, hair, pink t-shirt, navy shorts, white shoes, colours and flat 2D line style. Plain chroma-green background (#00FF00), no floor, no shadow, no text.","Animate the character in this image. Side view, static camera, the drawing style stays flat 2D and unchanged. The character performs one repetition of standing next to a wall with one hand resting on it, swinging the outside leg forward and back like a pendulum, upper body stays upright. The last frame matches the first frame for a seamless loop. Keep the plain chroma-green background, no text. 3 seconds, square 1:1."
squat,สควอท,Squats,art/ref_side.png,no,,"Animate the character in this image. Side view, static camera, the drawing style stays flat 2D and unchanged. The character performs one repetition of bodyweight squat: feet shoulder-width, arms reach forward for balance, hips sit back and down until thighs are parallel to the floor, chest up, knees track over toes, then stands back up. The last frame matches the first frame for a seamless loop. Keep the plain chroma-green background, no text. 3 seconds, square 1:1."
kpush,วิดพื้นแบบคุกเข่า,Knee push-ups,art/ref_side.png,yes,"Using the character in the reference image, draw them kneeling in a knee push-up position, hands on the floor wider than the shoulders, body straight from head to knees. Side view, full body in frame, centered. Keep exactly the same character as the image: same face, hair, pink t-shirt, navy shorts, white shoes, colours and flat 2D line style. Plain chroma-green background (#00FF00), no floor, no shadow, no text.","Animate the character in this image. Side view, static camera, the drawing style stays flat 2D and unchanged. The character performs one repetition of knee push-up: kneeling with hands wider than shoulders, straight line from head to knees, lowers chest toward the floor by bending elbows, then presses back up. The last frame matches the first frame for a seamless loop. Keep the plain chroma-green background, no text. 3 seconds, square 1:1."
push,วิดพื้น,Push-ups,art/ref_side.png,yes,"Using the character in the reference image, draw them in a high plank on straight arms, hands under the shoulders, body straight from head to heels. Side view, full body in frame, centered. Keep exactly the same character as the image: same face, hair, pink t-shirt, navy shorts, white shoes, colours and flat 2D line style. Plain chroma-green background (#00FF00), no floor, no shadow, no text.","Animate the character in this image. Side view, static camera, the drawing style stays flat 2D and unchanged. The character performs one repetition of full push-up: straight plank line from head to heels, lowers chest close to the floor with elbows at about 45 degrees, then presses back up. The last frame matches the first frame for a seamless loop. Keep the plain chroma-green background, no text. 3 seconds, square 1:1."
bridge,ยกสะโพก,Glute bridges,art/ref_side.png,yes,"Using the character in the reference image, draw them lying on the back on the floor, knees bent, feet flat, arms by the sides. Side view, full body in frame, centered. Keep exactly the same character as the image: same face, hair, pink t-shirt, navy shorts, white shoes, colours and flat 2D line style. Plain chroma-green background (#00FF00), no floor, no shadow, no text.","Animate the character in this image. Side view, static camera, the drawing style stays flat 2D and unchanged. The character performs one repetition of glute bridge: lying on the back, knees bent, feet flat, arms by the sides, lifts hips up until knees, hips and shoulders form a straight line, holds briefly, lowers. The last frame matches the first frame for a seamless loop. Keep the plain chroma-green background, no text. 3 seconds, square 1:1."
lunge,ลันจ์ถอยหลัง,Reverse lunges,art/ref_side.png,no,,"Animate the character in this image. Side view, static camera, the drawing style stays flat 2D and unchanged. The character performs one repetition of reverse lunge: steps one foot back and lowers until both knees bend about 90 degrees with the back knee just above the floor, torso upright, returns to standing. The last frame matches the first frame for a seamless loop. Keep the plain chroma-green background, no text. 3 seconds, square 1:1."
plank,แพลงก์,Plank,art/ref_side.png,yes,"Using the character in the reference image, draw them in a forearm plank, elbows under the shoulders, body straight from head to heels. Side view, full body in frame, centered. Keep exactly the same character as the image: same face, hair, pink t-shirt, navy shorts, white shoes, colours and flat 2D line style. Plain chroma-green background (#00FF00), no floor, no shadow, no text.","Animate the character in this image. Side view, static camera, the drawing style stays flat 2D and unchanged. The character performs one repetition of forearm plank: elbows under shoulders, body in a straight line from head to heels, core braced; subtle breathing motion only, hips stay level. Very small movement: mostly holding the pose with gentle breathing. The last frame matches the first frame for a seamless loop. Keep the plain chroma-green background, no text. 3 seconds, square 1:1."
superman,ซูเปอร์แมน,Superman,art/ref_side.png,yes,"Using the character in the reference image, draw them lying face down on the floor with arms stretched overhead. Side view, full body in frame, centered. Keep exactly the same character as the image: same face, hair, pink t-shirt, navy shorts, white shoes, colours and flat 2D line style. Plain chroma-green background (#00FF00), no floor, no shadow, no text.","Animate the character in this image. Side view, static camera, the drawing style stays flat 2D and unchanged. The character performs one repetition of superman: lying face down, arms stretched overhead, lifts arms, chest and legs a few centimetres off the floor at the same time, holds, lowers. The last frame matches the first frame for a seamless loop. Keep the plain chroma-green background, no text. 3 seconds, square 1:1."
deadbug,เดดบัก,Dead bug,art/ref_three_quarter.png,yes,"Using the character in the reference image, draw them lying on the back, arms pointing to the ceiling, knees bent 90 degrees above the hips. Three-quarter front view, full body in frame, centered. Keep exactly the same character as the image: same face, hair, pink t-shirt, navy shorts, white shoes, colours and flat 2D line style. Plain chroma-green background (#00FF00), no floor, no shadow, no text.","Animate the character in this image. Three-quarter front view, static camera, the drawing style stays flat 2D and unchanged. The character performs one repetition of dead bug: lying on the back with arms pointing to the ceiling and knees bent at 90 degrees above the hips, slowly extends the right arm overhead and the left leg straight out, returns, low back stays on the floor. The last frame matches the first frame for a seamless loop. Keep the plain chroma-green background, no text. 3 seconds, square 1:1."
dips,ดิปกับเก้าอี้,Chair dips,art/ref_side.png,yes,"Using the character in the reference image, draw them sitting on the front edge of a sturdy chair, hands gripping the edge beside the hips, feet flat on the floor. Side view, full body in frame, centered. Keep exactly the same character as the image: same face, hair, pink t-shirt, navy shorts, white shoes, colours and flat 2D line style. Plain chroma-green background (#00FF00), no floor, no shadow, no text.","Animate the character in this image. Side view, static camera, the drawing style stays flat 2D and unchanged. The character performs one repetition of chair dip: hands on the front edge of a sturdy chair behind the body, legs bent with feet on the floor, bends elbows to lower the hips toward the floor, then presses back up. The last frame matches the first frame for a seamless loop. Keep the plain chroma-green background, no text. 3 seconds, square 1:1."
wallsit,นั่งพิงกำแพง,Wall sit,art/ref_side.png,yes,"Using the character in the reference image, draw them back flat against a plain wall, knees bent 90 degrees, thighs parallel to the floor, arms crossed on the chest. Side view, full body in frame, centered. Keep exactly the same character as the image: same face, hair, pink t-shirt, navy shorts, white shoes, colours and flat 2D line style. Plain chroma-green background (#00FF00), no floor, no shadow, no text.","Animate the character in this image. Side view, static camera, the drawing style stays flat 2D and unchanged. The character performs one repetition of wall sit: back flat against a wall, knees bent at 90 degrees with thighs parallel to the floor, arms crossed on the chest; holds still with calm breathing. Very small movement: mostly holding the pose with gentle breathing. The last frame matches the first frame for a seamless loop. Keep the plain chroma-green background, no text. 3 seconds, square 1:1."
calf,เขย่งปลายเท้า,Calf raises,art/ref_side.png,no,,"Animate the character in this image. Side view, static camera, the drawing style stays flat 2D and unchanged. The character performs one repetition of calf raise: standing tall, rises slowly onto the balls of the feet as high as possible, pauses, lowers the heels back down. The last frame matches the first frame for a seamless loop. Keep the plain chroma-green background, no text. 3 seconds, square 1:1."
splank,แพลงก์ด้านข้าง,Side plank,art/ref_front.png,yes,"Using the character in the reference image, draw them in a side plank on one forearm, hips lifted, body straight, top hand on the hip. Front view, full body in frame, centered. Keep exactly the same character as the image: same face, hair, pink t-shirt, navy shorts, white shoes, colours and flat 2D line style. Plain chroma-green background (#00FF00), no floor, no shadow, no text.","Animate the character in this image. Front view, static camera, the drawing style stays flat 2D and unchanged. The character performs one repetition of side plank: lying on one side propped on the forearm, lifts the hips so the body forms a straight line from head to feet, top hand on hip; holds with subtle breathing. Very small movement: mostly holding the pose with gentle breathing. The last frame matches the first frame for a seamless loop. Keep the plain chroma-green background, no text. 3 seconds, square 1:1."
stepup,ก้าวขึ้นบันได,Step-ups,art/ref_side.png,yes,"Using the character in the reference image, draw them standing in front of a low sturdy wooden box. Side view, full body in frame, centered. Keep exactly the same character as the image: same face, hair, pink t-shirt, navy shorts, white shoes, colours and flat 2D line style. Plain chroma-green background (#00FF00), no floor, no shadow, no text.","Animate the character in this image. Side view, static camera, the drawing style stays flat 2D and unchanged. The character performs one repetition of step-up: steps up onto a low sturdy box with the right foot, drives up to stand fully on the box, steps back down, alternating legs. The last frame matches the first frame for a seamless loop. Keep the plain chroma-green background, no text. 3 seconds, square 1:1."
jacks,กระโดดตบ,Jumping jacks,art/ref_front.png,no,,"Animate the character in this image. Front view, static camera, the drawing style stays flat 2D and unchanged. The character performs one repetition of jumping jack: jumps feet out wide while raising both arms overhead, then jumps back to feet together with arms by the sides, light and bouncy. The last frame matches the first frame for a seamless loop. Keep the plain chroma-green background, no text. 3 seconds, square 1:1."
knees,วิ่งยกเข่าสูง,High knees,art/ref_side.png,no,,"Animate the character in this image. Side view, static camera, the drawing style stays flat 2D and unchanged. The character performs one repetition of high knees: running in place, driving each knee up to hip height in quick alternation, arms pumping. The last frame matches the first frame for a seamless loop. Keep the plain chroma-green background, no text. 3 seconds, square 1:1."
climb,เมาท์เทนไคลม์เบอร์,Mountain climbers,art/ref_side.png,yes,"Using the character in the reference image, draw them in a high plank on straight arms, hands under the shoulders. Side view, full body in frame, centered. Keep exactly the same character as the image: same face, hair, pink t-shirt, navy shorts, white shoes, colours and flat 2D line style. Plain chroma-green background (#00FF00), no floor, no shadow, no text.","Animate the character in this image. Side view, static camera, the drawing style stays flat 2D and unchanged. The character performs one repetition of mountain climbers: in a high plank on straight arms, drives the right knee toward the chest then quickly switches to the left, hips stay low. The last frame matches the first frame for a seamless loop. Keep the plain chroma-green background, no text. 3 seconds, square 1:1."
skater,สเก็ตเตอร์,Skaters,art/ref_front.png,no,,"Animate the character in this image. Front view, static camera, the drawing style stays flat 2D and unchanged. The character performs one repetition of skater hops: leaps sideways onto the right foot, sweeping the left foot behind and the arms across the body, then leaps to the left side. The last frame matches the first frame for a seamless loop. Keep the plain chroma-green background, no text. 3 seconds, square 1:1."
burpee,เบอร์พี,Burpees,art/ref_side.png,no,,"Animate the character in this image. Side view, static camera, the drawing style stays flat 2D and unchanged. The character performs one repetition of burpee: squats down, places hands on the floor, jumps feet back into a plank, jumps feet back to the hands, then jumps up with arms overhead. The last frame matches the first frame for a seamless loop. Keep the plain chroma-green background, no text. 3 seconds, square 1:1."
box,ชกลม,Shadow boxing,art/ref_three_quarter.png,no,,"Animate the character in this image. Three-quarter front view, static camera, the drawing style stays flat 2D and unchanged. The character performs one repetition of shadow boxing: fighting stance with soft knees and fists up by the chin, throws alternating straight punches, light bouncing footwork. The last frame matches the first frame for a seamless loop. Keep the plain chroma-green background, no text. 3 seconds, square 1:1."
gsquat,สควอทดัมเบล,Goblet squats,art/ref_side.png,yes,"Using the character in the reference image, draw them standing, holding one dumbbell vertically against the chest with both hands. Side view, full body in frame, centered. Keep exactly the same character as the image: same face, hair, pink t-shirt, navy shorts, white shoes, colours and flat 2D line style. Plain chroma-green background (#00FF00), no floor, no shadow, no text.","Animate the character in this image. Side view, static camera, the drawing style stays flat 2D and unchanged. The character performs one repetition of goblet squat: holds one dumbbell vertically against the chest with both hands, squats down until thighs are parallel, elbows inside the knees, stands back up. The last frame matches the first frame for a seamless loop. Keep the plain chroma-green background, no text. 3 seconds, square 1:1."
bench,ดันอก (เบนช์เพรส),Bench press,art/ref_side.png,yes,"Using the character in the reference image, draw them lying on a flat gym bench, holding two dumbbells above the chest with straight arms. Side view, full body in frame, centered. Keep exactly the same character as the image: same face, hair, pink t-shirt, navy shorts, white shoes, colours and flat 2D line style. Plain chroma-green background (#00FF00), no floor, no shadow, no text.","Animate the character in this image. Side view, static camera, the drawing style stays flat 2D and unchanged. The character performs one repetition of dumbbell bench press: lying on a flat gym bench, presses two dumbbells from chest level straight up over the shoulders, then lowers them slowly. The last frame matches the first frame for a seamless loop. Keep the plain chroma-green background, no text. 3 seconds, square 1:1."
row,ซีทเต็ดโรว์,Seated row,art/ref_side.png,yes,"Using the character in the reference image, draw them sitting upright at a seated cable row machine, feet on the platform, arms straight holding the handle. Side view, full body in frame, centered. Keep exactly the same character as the image: same face, hair, pink t-shirt, navy shorts, white shoes, colours and flat 2D line style. Plain chroma-green background (#00FF00), no floor, no shadow, no text.","Animate the character in this image. Side view, static camera, the drawing style stays flat 2D and unchanged. The character performs one repetition of seated cable row: sitting upright at a cable row machine, feet on the platform, pulls the handle to the belly, squeezing the shoulder blades, then extends the arms forward. The last frame matches the first frame for a seamless loop. Keep the plain chroma-green background, no text. 3 seconds, square 1:1."
latpd,แลตพูลดาวน์,Lat pulldown,art/ref_three_quarter.png,yes,"Using the character in the reference image, draw them sitting at a lat pulldown machine, thighs under the pads, arms up holding a wide bar. Three-quarter front view, full body in frame, centered. Keep exactly the same character as the image: same face, hair, pink t-shirt, navy shorts, white shoes, colours and flat 2D line style. Plain chroma-green background (#00FF00), no floor, no shadow, no text.","Animate the character in this image. Three-quarter front view, static camera, the drawing style stays flat 2D and unchanged. The character performs one repetition of lat pulldown: seated at a lat pulldown machine, thighs under the pads, pulls the wide bar down to the upper chest with elbows pointing down, then lets it rise slowly. The last frame matches the first frame for a seamless loop. Keep the plain chroma-green background, no text. 3 seconds, square 1:1."
ohp,ดันไหล่ดัมเบล,Shoulder press,art/ref_front.png,yes,"Using the character in the reference image, draw them sitting on an upright gym bench holding two dumbbells at shoulder height. Front view, full body in frame, centered. Keep exactly the same character as the image: same face, hair, pink t-shirt, navy shorts, white shoes, colours and flat 2D line style. Plain chroma-green background (#00FF00), no floor, no shadow, no text.","Animate the character in this image. Front view, static camera, the drawing style stays flat 2D and unchanged. The character performs one repetition of seated dumbbell shoulder press: sitting on an upright bench, presses two dumbbells from shoulder height to overhead, then lowers them to the shoulders. The last frame matches the first frame for a seamless loop. Keep the plain chroma-green background, no text. 3 seconds, square 1:1."
rdl,โรมาเนียนเดดลิฟต์,Romanian deadlift,art/ref_side.png,yes,"Using the character in the reference image, draw them standing tall holding two dumbbells in front of the thighs. Side view, full body in frame, centered. Keep exactly the same character as the image: same face, hair, pink t-shirt, navy shorts, white shoes, colours and flat 2D line style. Plain chroma-green background (#00FF00), no floor, no shadow, no text.","Animate the character in this image. Side view, static camera, the drawing style stays flat 2D and unchanged. The character performs one repetition of Romanian deadlift: holding two dumbbells in front of the thighs, knees slightly bent, hinges at the hips pushing them back with a flat back until the dumbbells reach mid-shin, then stands up. The last frame matches the first frame for a seamless loop. Keep the plain chroma-green background, no text. 3 seconds, square 1:1."
lpress,เลกเพรส,Leg press,art/ref_side.png,yes,"Using the character in the reference image, draw them sitting in a leg press machine, feet on the platform, knees slightly bent. Side view, full body in frame, centered. Keep exactly the same character as the image: same face, hair, pink t-shirt, navy shorts, white shoes, colours and flat 2D line style. Plain chroma-green background (#00FF00), no floor, no shadow, no text.","Animate the character in this image. Side view, static camera, the drawing style stays flat 2D and unchanged. The character performs one repetition of leg press: seated in a leg press machine, feet shoulder-width on the platform, bends knees to bring the platform toward the chest, then pushes it away without locking the knees. The last frame matches the first frame for a seamless loop. Keep the plain chroma-green background, no text. 3 seconds, square 1:1."
curl,ดัมเบลเคิร์ล,Biceps curls,art/ref_front.png,yes,"Using the character in the reference image, draw them standing tall holding two dumbbells by the sides, elbows tucked. Front view, full body in frame, centered. Keep exactly the same character as the image: same face, hair, pink t-shirt, navy shorts, white shoes, colours and flat 2D line style. Plain chroma-green background (#00FF00), no floor, no shadow, no text.","Animate the character in this image. Front view, static camera, the drawing style stays flat 2D and unchanged. The character performs one repetition of standing dumbbell biceps curl: elbows tucked at the sides, curls both dumbbells up toward the shoulders, then lowers them slowly. The last frame matches the first frame for a seamless loop. Keep the plain chroma-green background, no text. 3 seconds, square 1:1."
triext,ไทรเซปส์เอ็กซ์เทนชัน,Triceps extension,art/ref_side.png,yes,"Using the character in the reference image, draw them standing tall holding one dumbbell with both hands overhead. Side view, full body in frame, centered. Keep exactly the same character as the image: same face, hair, pink t-shirt, navy shorts, white shoes, colours and flat 2D line style. Plain chroma-green background (#00FF00), no floor, no shadow, no text.","Animate the character in this image. Side view, static camera, the drawing style stays flat 2D and unchanged. The character performs one repetition of overhead triceps extension: standing, holds one dumbbell with both hands overhead, bends the elbows to lower it behind the head, then straightens the arms. The last frame matches the first frame for a seamless loop. Keep the plain chroma-green background, no text. 3 seconds, square 1:1."
walk,เดินเร็ว,Brisk walk,art/ref_side.png,no,,"Animate the character in this image. Side view, static camera, the drawing style stays flat 2D and unchanged. The character performs one repetition of brisk walking in place with a purposeful stride and natural arm swing (treadmill-style, no forward travel). The last frame matches the first frame for a seamless loop. Keep the plain chroma-green background, no text. 3 seconds, square 1:1."
jog,วิ่งเหยาะ,Easy jog,art/ref_side.png,no,,"Animate the character in this image. Side view, static camera, the drawing style stays flat 2D and unchanged. The character performs one repetition of easy jogging in place with relaxed arms and a light, short stride (treadmill-style, no forward travel). The last frame matches the first frame for a seamless loop. Keep the plain chroma-green background, no text. 3 seconds, square 1:1."
bike,ปั่นจักรยาน,Cycling,art/ref_side.png,yes,"Using the character in the reference image, draw them riding a stationary exercise bike, hands on the handlebars. Side view, full body in frame, centered. Keep exactly the same character as the image: same face, hair, pink t-shirt, navy shorts, white shoes, colours and flat 2D line style. Plain chroma-green background (#00FF00), no floor, no shadow, no text.","Animate the character in this image. Side view, static camera, the drawing style stays flat 2D and unchanged. The character performs one repetition of riding a stationary bike at a steady pace, hands on the handlebars, pedals turning smoothly. The last frame matches the first frame for a seamless loop. Keep the plain chroma-green background, no text. 3 seconds, square 1:1."
ellip,เครื่องเดินวงรี,Elliptical,art/ref_side.png,yes,"Using the character in the reference image, draw them standing on an elliptical trainer, feet on the pedals, hands on the handles. Side view, full body in frame, centered. Keep exactly the same character as the image: same face, hair, pink t-shirt, navy shorts, white shoes, colours and flat 2D line style. Plain chroma-green background (#00FF00), no floor, no shadow, no text.","Animate the character in this image. Side view, static camera, the drawing style stays flat 2D and unchanged. The character performs one repetition of using an elliptical trainer machine, feet on the pedals moving in smooth ovals, hands on the moving handles. The last frame matches the first frame for a seamless loop. Keep the plain chroma-green background, no text. 3 seconds, square 1:1."
catcow,แมว-วัว,Cat-cow,art/ref_side.png,yes,"Using the character in the reference image, draw them on hands and knees on the floor, back flat. Side view, full body in frame, centered. Keep exactly the same character as the image: same face, hair, pink t-shirt, navy shorts, white shoes, colours and flat 2D line style. Plain chroma-green background (#00FF00), no floor, no shadow, no text.","Animate the character in this image. Side view, static camera, the drawing style stays flat 2D and unchanged. The character performs one repetition of cat-cow: on hands and knees, slowly arches the back with the belly lowering and the head lifting (cow), then rounds the back upward with the chin tucked (cat). The last frame matches the first frame for a seamless loop. Keep the plain chroma-green background, no text. 3 seconds, square 1:1."
child,ท่าเด็ก,Child's pose,art/ref_side.png,yes,"Using the character in the reference image, draw them kneeling on the floor, sitting back on the heels. Side view, full body in frame, centered. Keep exactly the same character as the image: same face, hair, pink t-shirt, navy shorts, white shoes, colours and flat 2D line style. Plain chroma-green background (#00FF00), no floor, no shadow, no text.","Animate the character in this image. Side view, static camera, the drawing style stays flat 2D and unchanged. The character performs one repetition of child's pose: kneeling, sits back on the heels and folds forward with arms stretched long on the floor and forehead down; slow breathing motion. Very small movement: mostly holding the pose with gentle breathing. The last frame matches the first frame for a seamless loop. Keep the plain chroma-green background, no text. 3 seconds, square 1:1."
ham,ยืดต้นขาหลัง,Hamstring stretch,art/ref_side.png,yes,"Using the character in the reference image, draw them sitting on the floor with one leg straight out and the other bent. Side view, full body in frame, centered. Keep exactly the same character as the image: same face, hair, pink t-shirt, navy shorts, white shoes, colours and flat 2D line style. Plain chroma-green background (#00FF00), no floor, no shadow, no text.","Animate the character in this image. Side view, static camera, the drawing style stays flat 2D and unchanged. The character performs one repetition of seated hamstring stretch: sitting with one leg straight out and the other bent, leans forward from the hips reaching toward the toes of the straight leg, holds. Very small movement: mostly holding the pose with gentle breathing. The last frame matches the first frame for a seamless loop. Keep the plain chroma-green background, no text. 3 seconds, square 1:1."
hip,ยืดสะโพกด้านหน้า,Hip flexor stretch,art/ref_side.png,yes,"Using the character in the reference image, draw them half kneeling: one knee on the floor and the other foot flat in front. Side view, full body in frame, centered. Keep exactly the same character as the image: same face, hair, pink t-shirt, navy shorts, white shoes, colours and flat 2D line style. Plain chroma-green background (#00FF00), no floor, no shadow, no text.","Animate the character in this image. Side view, static camera, the drawing style stays flat 2D and unchanged. The character performs one repetition of half-kneeling hip flexor stretch: one knee on the floor and the other foot in front, gently shifts the hips forward with the torso upright, hands on the front knee, holds. Very small movement: mostly holding the pose with gentle breathing. The last frame matches the first frame for a seamless loop. Keep the plain chroma-green background, no text. 3 seconds, square 1:1."
chest,ยืดอกและไหล่,Chest & shoulder stretch,art/ref_three_quarter.png,no,,"Animate the character in this image. Three-quarter front view, static camera, the drawing style stays flat 2D and unchanged. The character performs one repetition of chest and shoulder stretch: standing, clasps the hands behind the back, straightens the arms and lifts them slightly while opening the chest, holds. Very small movement: mostly holding the pose with gentle breathing. The last frame matches the first frame for a seamless loop. Keep the plain chroma-green background, no text. 3 seconds, square 1:1."
twist,บิดลำตัวนอน,Lying twist,art/ref_three_quarter.png,yes,"Using the character in the reference image, draw them lying on the back with arms out in a T, knees bent, feet flat. Three-quarter front view, full body in frame, centered. Keep exactly the same character as the image: same face, hair, pink t-shirt, navy shorts, white shoes, colours and flat 2D line style. Plain chroma-green background (#00FF00), no floor, no shadow, no text.","Animate the character in this image. Three-quarter front view, static camera, the drawing style stays flat 2D and unchanged. The character performs one repetition of lying spinal twist: lying on the back with arms out in a T, drops both bent knees to one side while turning the head to the other side, holds. Very small movement: mostly holding the pose with gentle breathing. The last frame matches the first frame for a seamless loop. Keep the plain chroma-green background, no text. 3 seconds, square 1:1."
cobra,ท่างู,Cobra,art/ref_side.png,yes,"Using the character in the reference image, draw them lying face down with hands on the floor under the shoulders. Side view, full body in frame, centered. Keep exactly the same character as the image: same face, hair, pink t-shirt, navy shorts, white shoes, colours and flat 2D line style. Plain chroma-green background (#00FF00), no floor, no shadow, no text.","Animate the character in this image. Side view, static camera, the drawing style stays flat 2D and unchanged. The character performs one repetition of cobra: lying face down with hands under the shoulders, gently presses the chest up while the hips stay on the floor, shoulders relaxed, then lowers. The last frame matches the first frame for a seamless loop. Keep the plain chroma-green background, no text. 3 seconds, square 1:1."
rest,พัก,Rest,art/ref_front.png,yes,"Using the character in the reference image, draw them standing relaxed holding a water bottle. Front view, full body in frame, centered. Keep exactly the same character as the image: same face, hair, pink t-shirt, navy shorts, white shoes, colours and flat 2D line style. Plain chroma-green background (#00FF00), no floor, no shadow, no text.","Animate the character in this image. Front view, static camera, the drawing style stays flat 2D and unchanged. The character performs one repetition of standing relaxed, taking a deep breath and sipping from a water bottle. The last frame matches the first frame for a seamless loop. Keep the plain chroma-green background, no text. 3 seconds, square 1:1."
