id,name_th,name_en,prompt,negative_prompt
march,ย่ำเท้าอยู่กับที่,March in place,"Flat 2D vector illustration of a friendly adult fitness character, gender-neutral, short dark hair, coral pink t-shirt (#E887AA), navy blue shorts, white sneakers, simple rounded shapes, soft cel shading, clean thin dark outlines, consistent body proportions, full body always in frame, centered, plain solid chroma-green background (#00FF00), no floor shadow. Front view, static camera. The character performs one repetition of marching in place: lifts the right knee to hip height while swinging the left arm forward, then switches sides, steady relaxed rhythm. Smooth seamless loop: the last frame matches the first frame. Duration 3 seconds, square 1:1.","text, letters, logo, watermark, extra limbs, extra fingers, distorted anatomy, cropped body, multiple people, background scenery, camera movement, motion blur, realistic photo, 3D render"
armc,หมุนแขน,Arm circles,"Flat 2D vector illustration of a friendly adult fitness character, gender-neutral, short dark hair, coral pink t-shirt (#E887AA), navy blue shorts, white sneakers, simple rounded shapes, soft cel shading, clean thin dark outlines, consistent body proportions, full body always in frame, centered, plain solid chroma-green background (#00FF00), no floor shadow. Front view, static camera. The character performs one repetition of standing tall with arms straight out to the sides at shoulder height, drawing small forward circles with both arms that grow into big circles. Smooth seamless loop: the last frame matches the first frame. Duration 3 seconds, square 1:1.","text, letters, logo, watermark, extra limbs, extra fingers, distorted anatomy, cropped body, multiple people, background scenery, camera movement, motion blur, realistic photo, 3D render"
legsw,เหวี่ยงขา,Leg swings,"Flat 2D vector illustration of a friendly adult fitness character, gender-neutral, short dark hair, coral pink t-shirt (#E887AA), navy blue shorts, white sneakers, simple rounded shapes, soft cel shading, clean thin dark outlines, consistent body proportions, full body always in frame, centered, plain solid chroma-green background (#00FF00), no floor shadow. Side view, static camera. The character performs one repetition of standing next to a wall with one hand resting on it, swinging the outside leg forward and back like a pendulum, upper body stays upright. Smooth seamless loop: the last frame matches the first frame. Duration 3 seconds, square 1:1.","text, letters, logo, watermark, extra limbs, extra fingers, distorted anatomy, cropped body, multiple people, background scenery, camera movement, motion blur, realistic photo, 3D render"
squat,สควอท,Squats,"Flat 2D vector illustration of a friendly adult fitness character, gender-neutral, short dark hair, coral pink t-shirt (#E887AA), navy blue shorts, white sneakers, simple rounded shapes, soft cel shading, clean thin dark outlines, consistent body proportions, full body always in frame, centered, plain solid chroma-green background (#00FF00), no floor shadow. Side view, static camera. The character performs one repetition of bodyweight squat: feet shoulder-width, arms reach forward for balance, hips sit back and down until thighs are parallel to the floor, chest up, knees track over toes, then stands back up. Smooth seamless loop: the last frame matches the first frame. Duration 3 seconds, square 1:1.","text, letters, logo, watermark, extra limbs, extra fingers, distorted anatomy, cropped body, multiple people, background scenery, camera movement, motion blur, realistic photo, 3D render"
kpush,วิดพื้นแบบคุกเข่า,Knee push-ups,"Flat 2D vector illustration of a friendly adult fitness character, gender-neutral, short dark hair, coral pink t-shirt (#E887AA), navy blue shorts, white sneakers, simple rounded shapes, soft cel shading, clean thin dark outlines, consistent body proportions, full body always in frame, centered, plain solid chroma-green background (#00FF00), no floor shadow. Side view, static camera. The character performs one repetition of knee push-up: kneeling with hands wider than shoulders, straight line from head to knees, lowers chest toward the floor by bending elbows, then presses back up. Smooth seamless loop: the last frame matches the first frame. Duration 3 seconds, square 1:1.","text, letters, logo, watermark, extra limbs, extra fingers, distorted anatomy, cropped body, multiple people, background scenery, camera movement, motion blur, realistic photo, 3D render"
push,วิดพื้น,Push-ups,"Flat 2D vector illustration of a friendly adult fitness character, gender-neutral, short dark hair, coral pink t-shirt (#E887AA), navy blue shorts, white sneakers, simple rounded shapes, soft cel shading, clean thin dark outlines, consistent body proportions, full body always in frame, centered, plain solid chroma-green background (#00FF00), no floor shadow. Side view, static camera. The character performs one repetition of full push-up: straight plank line from head to heels, lowers chest close to the floor with elbows at about 45 degrees, then presses back up. Smooth seamless loop: the last frame matches the first frame. Duration 3 seconds, square 1:1.","text, letters, logo, watermark, extra limbs, extra fingers, distorted anatomy, cropped body, multiple people, background scenery, camera movement, motion blur, realistic photo, 3D render"
bridge,ยกสะโพก,Glute bridges,"Flat 2D vector illustration of a friendly adult fitness character, gender-neutral, short dark hair, coral pink t-shirt (#E887AA), navy blue shorts, white sneakers, simple rounded shapes, soft cel shading, clean thin dark outlines, consistent body proportions, full body always in frame, centered, plain solid chroma-green background (#00FF00), no floor shadow. Side view, static camera. The character performs one repetition of glute bridge: lying on the back, knees bent, feet flat, arms by the sides, lifts hips up until knees, hips and shoulders form a straight line, holds briefly, lowers. Smooth seamless loop: the last frame matches the first frame. Duration 3 seconds, square 1:1.","text, letters, logo, watermark, extra limbs, extra fingers, distorted anatomy, cropped body, multiple people, background scenery, camera movement, motion blur, realistic photo, 3D render"
lunge,ลันจ์ถอยหลัง,Reverse lunges,"Flat 2D vector illustration of a friendly adult fitness character, gender-neutral, short dark hair, coral pink t-shirt (#E887AA), navy blue shorts, white sneakers, simple rounded shapes, soft cel shading, clean thin dark outlines, consistent body proportions, full body always in frame, centered, plain solid chroma-green background (#00FF00), no floor shadow. Side view, static camera. The character performs one repetition of reverse lunge: steps one foot back and lowers until both knees bend about 90 degrees with the back knee just above the floor, torso upright, returns to standing. Smooth seamless loop: the last frame matches the first frame. Duration 3 seconds, square 1:1.","text, letters, logo, watermark, extra limbs, extra fingers, distorted anatomy, cropped body, multiple people, background scenery, camera movement, motion blur, realistic photo, 3D render"
plank,แพลงก์,Plank,"Flat 2D vector illustration of a friendly adult fitness character, gender-neutral, short dark hair, coral pink t-shirt (#E887AA), navy blue shorts, white sneakers, simple rounded shapes, soft cel shading, clean thin dark outlines, consistent body proportions, full body always in frame, centered, plain solid chroma-green background (#00FF00), no floor shadow. Side view, static camera. The character performs one repetition of forearm plank: elbows under shoulders, body in a straight line from head to heels, core braced; subtle breathing motion only, hips stay level. Very small movement, mostly a held pose with gentle breathing. Smooth seamless loop: the last frame matches the first frame. Duration 3 seconds, square 1:1.","text, letters, logo, watermark, extra limbs, extra fingers, distorted anatomy, cropped body, multiple people, background scenery, camera movement, motion blur, realistic photo, 3D render"
superman,ซูเปอร์แมน,Superman,"Flat 2D vector illustration of a friendly adult fitness character, gender-neutral, short dark hair, coral pink t-shirt (#E887AA), navy blue shorts, white sneakers, simple rounded shapes, soft cel shading, clean thin dark outlines, consistent body proportions, full body always in frame, centered, plain solid chroma-green background (#00FF00), no floor shadow. Side view, static camera. The character performs one repetition of superman: lying face down, arms stretched overhead, lifts arms, chest and legs a few centimetres off the floor at the same time, holds, lowers. Smooth seamless loop: the last frame matches the first frame. Duration 3 seconds, square 1:1.","text, letters, logo, watermark, extra limbs, extra fingers, distorted anatomy, cropped body, multiple people, background scenery, camera movement, motion blur, realistic photo, 3D render"
deadbug,เดดบัก,Dead bug,"Flat 2D vector illustration of a friendly adult fitness character, gender-neutral, short dark hair, coral pink t-shirt (#E887AA), navy blue shorts, white sneakers, simple rounded shapes, soft cel shading, clean thin dark outlines, consistent body proportions, full body always in frame, centered, plain solid chroma-green background (#00FF00), no floor shadow. Three-quarter front view, static camera. The character performs one repetition of dead bug: lying on the back with arms pointing to the ceiling and knees bent at 90 degrees above the hips, slowly extends the right arm overhead and the left leg straight out, returns, low back stays on the floor. Smooth seamless loop: the last frame matches the first frame. Duration 3 seconds, square 1:1.","text, letters, logo, watermark, extra limbs, extra fingers, distorted anatomy, cropped body, multiple people, background scenery, camera movement, motion blur, realistic photo, 3D render"
dips,ดิปกับเก้าอี้,Chair dips,"Flat 2D vector illustration of a friendly adult fitness character, gender-neutral, short dark hair, coral pink t-shirt (#E887AA), navy blue shorts, white sneakers, simple rounded shapes, soft cel shading, clean thin dark outlines, consistent body proportions, full body always in frame, centered, plain solid chroma-green background (#00FF00), no floor shadow. Side view, static camera. The character performs one repetition of chair dip: hands on the front edge of a sturdy chair behind the body, legs bent with feet on the floor, bends elbows to lower the hips toward the floor, then presses back up. Smooth seamless loop: the last frame matches the first frame. Duration 3 seconds, square 1:1.","text, letters, logo, watermark, extra limbs, extra fingers, distorted anatomy, cropped body, multiple people, background scenery, camera movement, motion blur, realistic photo, 3D render"
wallsit,นั่งพิงกำแพง,Wall sit,"Flat 2D vector illustration of a friendly adult fitness character, gender-neutral, short dark hair, coral pink t-shirt (#E887AA), navy blue shorts, white sneakers, simple rounded shapes, soft cel shading, clean thin dark outlines, consistent body proportions, full body always in frame, centered, plain solid chroma-green background (#00FF00), no floor shadow. Side view, static camera. The character performs one repetition of wall sit: back flat against a wall, knees bent at 90 degrees with thighs parallel to the floor, arms crossed on the chest; holds still with calm breathing. Very small movement, mostly a held pose with gentle breathing. Smooth seamless loop: the last frame matches the first frame. Duration 3 seconds, square 1:1.","text, letters, logo, watermark, extra limbs, extra fingers, distorted anatomy, cropped body, multiple people, background scenery, camera movement, motion blur, realistic photo, 3D render"
calf,เขย่งปลายเท้า,Calf raises,"Flat 2D vector illustration of a friendly adult fitness character, gender-neutral, short dark hair, coral pink t-shirt (#E887AA), navy blue shorts, white sneakers, simple rounded shapes, soft cel shading, clean thin dark outlines, consistent body proportions, full body always in frame, centered, plain solid chroma-green background (#00FF00), no floor shadow. Side view, static camera. The character performs one repetition of calf raise: standing tall, rises slowly onto the balls of the feet as high as possible, pauses, lowers the heels back down. Smooth seamless loop: the last frame matches the first frame. Duration 3 seconds, square 1:1.","text, letters, logo, watermark, extra limbs, extra fingers, distorted anatomy, cropped body, multiple people, background scenery, camera movement, motion blur, realistic photo, 3D render"
splank,แพลงก์ด้านข้าง,Side plank,"Flat 2D vector illustration of a friendly adult fitness character, gender-neutral, short dark hair, coral pink t-shirt (#E887AA), navy blue shorts, white sneakers, simple rounded shapes, soft cel shading, clean thin dark outlines, consistent body proportions, full body always in frame, centered, plain solid chroma-green background (#00FF00), no floor shadow. Front view, static camera. The character performs one repetition of side plank: lying on one side propped on the forearm, lifts the hips so the body forms a straight line from head to feet, top hand on hip; holds with subtle breathing. Very small movement, mostly a held pose with gentle breathing. Smooth seamless loop: the last frame matches the first frame. Duration 3 seconds, square 1:1.","text, letters, logo, watermark, extra limbs, extra fingers, distorted anatomy, cropped body, multiple people, background scenery, camera movement, motion blur, realistic photo, 3D render"
stepup,ก้าวขึ้นบันได,Step-ups,"Flat 2D vector illustration of a friendly adult fitness character, gender-neutral, short dark hair, coral pink t-shirt (#E887AA), navy blue shorts, white sneakers, simple rounded shapes, soft cel shading, clean thin dark outlines, consistent body proportions, full body always in frame, centered, plain solid chroma-green background (#00FF00), no floor shadow. Side view, static camera. The character performs one repetition of step-up: steps up onto a low sturdy box with the right foot, drives up to stand fully on the box, steps back down, alternating legs. Smooth seamless loop: the last frame matches the first frame. Duration 3 seconds, square 1:1.","text, letters, logo, watermark, extra limbs, extra fingers, distorted anatomy, cropped body, multiple people, background scenery, camera movement, motion blur, realistic photo, 3D render"
jacks,กระโดดตบ,Jumping jacks,"Flat 2D vector illustration of a friendly adult fitness character, gender-neutral, short dark hair, coral pink t-shirt (#E887AA), navy blue shorts, white sneakers, simple rounded shapes, soft cel shading, clean thin dark outlines, consistent body proportions, full body always in frame, centered, plain solid chroma-green background (#00FF00), no floor shadow. Front view, static camera. The character performs one repetition of jumping jack: jumps feet out wide while raising both arms overhead, then jumps back to feet together with arms by the sides, light and bouncy. Smooth seamless loop: the last frame matches the first frame. Duration 3 seconds, square 1:1.","text, letters, logo, watermark, extra limbs, extra fingers, distorted anatomy, cropped body, multiple people, background scenery, camera movement, motion blur, realistic photo, 3D render"
knees,วิ่งยกเข่าสูง,High knees,"Flat 2D vector illustration of a friendly adult fitness character, gender-neutral, short dark hair, coral pink t-shirt (#E887AA), navy blue shorts, white sneakers, simple rounded shapes, soft cel shading, clean thin dark outlines, consistent body proportions, full body always in frame, centered, plain solid chroma-green background (#00FF00), no floor shadow. Side view, static camera. The character performs one repetition of high knees: running in place, driving each knee up to hip height in quick alternation, arms pumping. Smooth seamless loop: the last frame matches the first frame. Duration 3 seconds, square 1:1.","text, letters, logo, watermark, extra limbs, extra fingers, distorted anatomy, cropped body, multiple people, background scenery, camera movement, motion blur, realistic photo, 3D render"
climb,เมาท์เทนไคลม์เบอร์,Mountain climbers,"Flat 2D vector illustration of a friendly adult fitness character, gender-neutral, short dark hair, coral pink t-shirt (#E887AA), navy blue shorts, white sneakers, simple rounded shapes, soft cel shading, clean thin dark outlines, consistent body proportions, full body always in frame, centered, plain solid chroma-green background (#00FF00), no floor shadow. Side view, static camera. The character performs one repetition of mountain climbers: in a high plank on straight arms, drives the right knee toward the chest then quickly switches to the left, hips stay low. Smooth seamless loop: the last frame matches the first frame. Duration 3 seconds, square 1:1.","text, letters, logo, watermark, extra limbs, extra fingers, distorted anatomy, cropped body, multiple people, background scenery, camera movement, motion blur, realistic photo, 3D render"
skater,สเก็ตเตอร์,Skaters,"Flat 2D vector illustration of a friendly adult fitness character, gender-neutral, short dark hair, coral pink t-shirt (#E887AA), navy blue shorts, white sneakers, simple rounded shapes, soft cel shading, clean thin dark outlines, consistent body proportions, full body always in frame, centered, plain solid chroma-green background (#00FF00), no floor shadow. Front view, static camera. The character performs one repetition of skater hops: leaps sideways onto the right foot, sweeping the left foot behind and the arms across the body, then leaps to the left side. Smooth seamless loop: the last frame matches the first frame. Duration 3 seconds, square 1:1.","text, letters, logo, watermark, extra limbs, extra fingers, distorted anatomy, cropped body, multiple people, background scenery, camera movement, motion blur, realistic photo, 3D render"
burpee,เบอร์พี,Burpees,"Flat 2D vector illustration of a friendly adult fitness character, gender-neutral, short dark hair, coral pink t-shirt (#E887AA), navy blue shorts, white sneakers, simple rounded shapes, soft cel shading, clean thin dark outlines, consistent body proportions, full body always in frame, centered, plain solid chroma-green background (#00FF00), no floor shadow. Side view, static camera. The character performs one repetition of burpee: squats down, places hands on the floor, jumps feet back into a plank, jumps feet back to the hands, then jumps up with arms overhead. Smooth seamless loop: the last frame matches the first frame. Duration 3 seconds, square 1:1.","text, letters, logo, watermark, extra limbs, extra fingers, distorted anatomy, cropped body, multiple people, background scenery, camera movement, motion blur, realistic photo, 3D render"
box,ชกลม,Shadow boxing,"Flat 2D vector illustration of a friendly adult fitness character, gender-neutral, short dark hair, coral pink t-shirt (#E887AA), navy blue shorts, white sneakers, simple rounded shapes, soft cel shading, clean thin dark outlines, consistent body proportions, full body always in frame, centered, plain solid chroma-green background (#00FF00), no floor shadow. Three-quarter front view, static camera. The character performs one repetition of shadow boxing: fighting stance with soft knees and fists up by the chin, throws alternating straight punches, light bouncing footwork. Smooth seamless loop: the last frame matches the first frame. Duration 3 seconds, square 1:1.","text, letters, logo, watermark, extra limbs, extra fingers, distorted anatomy, cropped body, multiple people, background scenery, camera movement, motion blur, realistic photo, 3D render"
gsquat,สควอทดัมเบล,Goblet squats,"Flat 2D vector illustration of a friendly adult fitness character, gender-neutral, short dark hair, coral pink t-shirt (#E887AA), navy blue shorts, white sneakers, simple rounded shapes, soft cel shading, clean thin dark outlines, consistent body proportions, full body always in frame, centered, plain solid chroma-green background (#00FF00), no floor shadow. Side view, static camera. The character performs one repetition of goblet squat: holds one dumbbell vertically against the chest with both hands, squats down until thighs are parallel, elbows inside the knees, stands back up. Smooth seamless loop: the last frame matches the first frame. Duration 3 seconds, square 1:1.","text, letters, logo, watermark, extra limbs, extra fingers, distorted anatomy, cropped body, multiple people, background scenery, camera movement, motion blur, realistic photo, 3D render"
bench,ดันอก (เบนช์เพรส),Bench press,"Flat 2D vector illustration of a friendly adult fitness character, gender-neutral, short dark hair, coral pink t-shirt (#E887AA), navy blue shorts, white sneakers, simple rounded shapes, soft cel shading, clean thin dark outlines, consistent body proportions, full body always in frame, centered, plain solid chroma-green background (#00FF00), no floor shadow. Side view, static camera. The character performs one repetition of dumbbell bench press: lying on a flat gym bench, presses two dumbbells from chest level straight up over the shoulders, then lowers them slowly. Smooth seamless loop: the last frame matches the first frame. Duration 3 seconds, square 1:1.","text, letters, logo, watermark, extra limbs, extra fingers, distorted anatomy, cropped body, multiple people, background scenery, camera movement, motion blur, realistic photo, 3D render"
row,ซีทเต็ดโรว์,Seated row,"Flat 2D vector illustration of a friendly adult fitness character, gender-neutral, short dark hair, coral pink t-shirt (#E887AA), navy blue shorts, white sneakers, simple rounded shapes, soft cel shading, clean thin dark outlines, consistent body proportions, full body always in frame, centered, plain solid chroma-green background (#00FF00), no floor shadow. Side view, static camera. The character performs one repetition of seated cable row: sitting upright at a cable row machine, feet on the platform, pulls the handle to the belly, squeezing the shoulder blades, then extends the arms forward. Smooth seamless loop: the last frame matches the first frame. Duration 3 seconds, square 1:1.","text, letters, logo, watermark, extra limbs, extra fingers, distorted anatomy, cropped body, multiple people, background scenery, camera movement, motion blur, realistic photo, 3D render"
latpd,แลตพูลดาวน์,Lat pulldown,"Flat 2D vector illustration of a friendly adult fitness character, gender-neutral, short dark hair, coral pink t-shirt (#E887AA), navy blue shorts, white sneakers, simple rounded shapes, soft cel shading, clean thin dark outlines, consistent body proportions, full body always in frame, centered, plain solid chroma-green background (#00FF00), no floor shadow. Three-quarter front view, static camera. The character performs one repetition of lat pulldown: seated at a lat pulldown machine, thighs under the pads, pulls the wide bar down to the upper chest with elbows pointing down, then lets it rise slowly. Smooth seamless loop: the last frame matches the first frame. Duration 3 seconds, square 1:1.","text, letters, logo, watermark, extra limbs, extra fingers, distorted anatomy, cropped body, multiple people, background scenery, camera movement, motion blur, realistic photo, 3D render"
ohp,ดันไหล่ดัมเบล,Shoulder press,"Flat 2D vector illustration of a friendly adult fitness character, gender-neutral, short dark hair, coral pink t-shirt (#E887AA), navy blue shorts, white sneakers, simple rounded shapes, soft cel shading, clean thin dark outlines, consistent body proportions, full body always in frame, centered, plain solid chroma-green background (#00FF00), no floor shadow. Front view, static camera. The character performs one repetition of seated dumbbell shoulder press: sitting on an upright bench, presses two dumbbells from shoulder height to overhead, then lowers them to the shoulders. Smooth seamless loop: the last frame matches the first frame. Duration 3 seconds, square 1:1.","text, letters, logo, watermark, extra limbs, extra fingers, distorted anatomy, cropped body, multiple people, background scenery, camera movement, motion blur, realistic photo, 3D render"
rdl,โรมาเนียนเดดลิฟต์,Romanian deadlift,"Flat 2D vector illustration of a friendly adult fitness character, gender-neutral, short dark hair, coral pink t-shirt (#E887AA), navy blue shorts, white sneakers, simple rounded shapes, soft cel shading, clean thin dark outlines, consistent body proportions, full body always in frame, centered, plain solid chroma-green background (#00FF00), no floor shadow. Side view, static camera. The character performs one repetition of Romanian deadlift: holding two dumbbells in front of the thighs, knees slightly bent, hinges at the hips pushing them back with a flat back until the dumbbells reach mid-shin, then stands up. Smooth seamless loop: the last frame matches the first frame. Duration 3 seconds, square 1:1.","text, letters, logo, watermark, extra limbs, extra fingers, distorted anatomy, cropped body, multiple people, background scenery, camera movement, motion blur, realistic photo, 3D render"
lpress,เลกเพรส,Leg press,"Flat 2D vector illustration of a friendly adult fitness character, gender-neutral, short dark hair, coral pink t-shirt (#E887AA), navy blue shorts, white sneakers, simple rounded shapes, soft cel shading, clean thin dark outlines, consistent body proportions, full body always in frame, centered, plain solid chroma-green background (#00FF00), no floor shadow. Side view, static camera. The character performs one repetition of leg press: seated in a leg press machine, feet shoulder-width on the platform, bends knees to bring the platform toward the chest, then pushes it away without locking the knees. Smooth seamless loop: the last frame matches the first frame. Duration 3 seconds, square 1:1.","text, letters, logo, watermark, extra limbs, extra fingers, distorted anatomy, cropped body, multiple people, background scenery, camera movement, motion blur, realistic photo, 3D render"
curl,ดัมเบลเคิร์ล,Biceps curls,"Flat 2D vector illustration of a friendly adult fitness character, gender-neutral, short dark hair, coral pink t-shirt (#E887AA), navy blue shorts, white sneakers, simple rounded shapes, soft cel shading, clean thin dark outlines, consistent body proportions, full body always in frame, centered, plain solid chroma-green background (#00FF00), no floor shadow. Front view, static camera. The character performs one repetition of standing dumbbell biceps curl: elbows tucked at the sides, curls both dumbbells up toward the shoulders, then lowers them slowly. Smooth seamless loop: the last frame matches the first frame. Duration 3 seconds, square 1:1.","text, letters, logo, watermark, extra limbs, extra fingers, distorted anatomy, cropped body, multiple people, background scenery, camera movement, motion blur, realistic photo, 3D render"
triext,ไทรเซปส์เอ็กซ์เทนชัน,Triceps extension,"Flat 2D vector illustration of a friendly adult fitness character, gender-neutral, short dark hair, coral pink t-shirt (#E887AA), navy blue shorts, white sneakers, simple rounded shapes, soft cel shading, clean thin dark outlines, consistent body proportions, full body always in frame, centered, plain solid chroma-green background (#00FF00), no floor shadow. Side view, static camera. The character performs one repetition of overhead triceps extension: standing, holds one dumbbell with both hands overhead, bends the elbows to lower it behind the head, then straightens the arms. Smooth seamless loop: the last frame matches the first frame. Duration 3 seconds, square 1:1.","text, letters, logo, watermark, extra limbs, extra fingers, distorted anatomy, cropped body, multiple people, background scenery, camera movement, motion blur, realistic photo, 3D render"
walk,เดินเร็ว,Brisk walk,"Flat 2D vector illustration of a friendly adult fitness character, gender-neutral, short dark hair, coral pink t-shirt (#E887AA), navy blue shorts, white sneakers, simple rounded shapes, soft cel shading, clean thin dark outlines, consistent body proportions, full body always in frame, centered, plain solid chroma-green background (#00FF00), no floor shadow. Side view, static camera. The character performs one repetition of brisk walking in place with a purposeful stride and natural arm swing (treadmill-style, no forward travel). Smooth seamless loop: the last frame matches the first frame. Duration 3 seconds, square 1:1.","text, letters, logo, watermark, extra limbs, extra fingers, distorted anatomy, cropped body, multiple people, background scenery, camera movement, motion blur, realistic photo, 3D render"
jog,วิ่งเหยาะ,Easy jog,"Flat 2D vector illustration of a friendly adult fitness character, gender-neutral, short dark hair, coral pink t-shirt (#E887AA), navy blue shorts, white sneakers, simple rounded shapes, soft cel shading, clean thin dark outlines, consistent body proportions, full body always in frame, centered, plain solid chroma-green background (#00FF00), no floor shadow. Side view, static camera. The character performs one repetition of easy jogging in place with relaxed arms and a light, short stride (treadmill-style, no forward travel). Smooth seamless loop: the last frame matches the first frame. Duration 3 seconds, square 1:1.","text, letters, logo, watermark, extra limbs, extra fingers, distorted anatomy, cropped body, multiple people, background scenery, camera movement, motion blur, realistic photo, 3D render"
bike,ปั่นจักรยาน,Cycling,"Flat 2D vector illustration of a friendly adult fitness character, gender-neutral, short dark hair, coral pink t-shirt (#E887AA), navy blue shorts, white sneakers, simple rounded shapes, soft cel shading, clean thin dark outlines, consistent body proportions, full body always in frame, centered, plain solid chroma-green background (#00FF00), no floor shadow. Side view, static camera. The character performs one repetition of riding a stationary bike at a steady pace, hands on the handlebars, pedals turning smoothly. Smooth seamless loop: the last frame matches the first frame. Duration 3 seconds, square 1:1.","text, letters, logo, watermark, extra limbs, extra fingers, distorted anatomy, cropped body, multiple people, background scenery, camera movement, motion blur, realistic photo, 3D render"
ellip,เครื่องเดินวงรี,Elliptical,"Flat 2D vector illustration of a friendly adult fitness character, gender-neutral, short dark hair, coral pink t-shirt (#E887AA), navy blue shorts, white sneakers, simple rounded shapes, soft cel shading, clean thin dark outlines, consistent body proportions, full body always in frame, centered, plain solid chroma-green background (#00FF00), no floor shadow. Side view, static camera. The character performs one repetition of using an elliptical trainer machine, feet on the pedals moving in smooth ovals, hands on the moving handles. Smooth seamless loop: the last frame matches the first frame. Duration 3 seconds, square 1:1.","text, letters, logo, watermark, extra limbs, extra fingers, distorted anatomy, cropped body, multiple people, background scenery, camera movement, motion blur, realistic photo, 3D render"
catcow,แมว-วัว,Cat-cow,"Flat 2D vector illustration of a friendly adult fitness character, gender-neutral, short dark hair, coral pink t-shirt (#E887AA), navy blue shorts, white sneakers, simple rounded shapes, soft cel shading, clean thin dark outlines, consistent body proportions, full body always in frame, centered, plain solid chroma-green background (#00FF00), no floor shadow. Side view, static camera. The character performs one repetition of cat-cow: on hands and knees, slowly arches the back with the belly lowering and the head lifting (cow), then rounds the back upward with the chin tucked (cat). Smooth seamless loop: the last frame matches the first frame. Duration 3 seconds, square 1:1.","text, letters, logo, watermark, extra limbs, extra fingers, distorted anatomy, cropped body, multiple people, background scenery, camera movement, motion blur, realistic photo, 3D render"
child,ท่าเด็ก,Child's pose,"Flat 2D vector illustration of a friendly adult fitness character, gender-neutral, short dark hair, coral pink t-shirt (#E887AA), navy blue shorts, white sneakers, simple rounded shapes, soft cel shading, clean thin dark outlines, consistent body proportions, full body always in frame, centered, plain solid chroma-green background (#00FF00), no floor shadow. Side view, static camera. The character performs one repetition of child's pose: kneeling, sits back on the heels and folds forward with arms stretched long on the floor and forehead down; slow breathing motion. Very small movement, mostly a held pose with gentle breathing. Smooth seamless loop: the last frame matches the first frame. Duration 3 seconds, square 1:1.","text, letters, logo, watermark, extra limbs, extra fingers, distorted anatomy, cropped body, multiple people, background scenery, camera movement, motion blur, realistic photo, 3D render"
ham,ยืดต้นขาหลัง,Hamstring stretch,"Flat 2D vector illustration of a friendly adult fitness character, gender-neutral, short dark hair, coral pink t-shirt (#E887AA), navy blue shorts, white sneakers, simple rounded shapes, soft cel shading, clean thin dark outlines, consistent body proportions, full body always in frame, centered, plain solid chroma-green background (#00FF00), no floor shadow. Side view, static camera. The character performs one repetition of seated hamstring stretch: sitting with one leg straight out and the other bent, leans forward from the hips reaching toward the toes of the straight leg, holds. Very small movement, mostly a held pose with gentle breathing. Smooth seamless loop: the last frame matches the first frame. Duration 3 seconds, square 1:1.","text, letters, logo, watermark, extra limbs, extra fingers, distorted anatomy, cropped body, multiple people, background scenery, camera movement, motion blur, realistic photo, 3D render"
hip,ยืดสะโพกด้านหน้า,Hip flexor stretch,"Flat 2D vector illustration of a friendly adult fitness character, gender-neutral, short dark hair, coral pink t-shirt (#E887AA), navy blue shorts, white sneakers, simple rounded shapes, soft cel shading, clean thin dark outlines, consistent body proportions, full body always in frame, centered, plain solid chroma-green background (#00FF00), no floor shadow. Side view, static camera. The character performs one repetition of half-kneeling hip flexor stretch: one knee on the floor and the other foot in front, gently shifts the hips forward with the torso upright, hands on the front knee, holds. Very small movement, mostly a held pose with gentle breathing. Smooth seamless loop: the last frame matches the first frame. Duration 3 seconds, square 1:1.","text, letters, logo, watermark, extra limbs, extra fingers, distorted anatomy, cropped body, multiple people, background scenery, camera movement, motion blur, realistic photo, 3D render"
chest,ยืดอกและไหล่,Chest & shoulder stretch,"Flat 2D vector illustration of a friendly adult fitness character, gender-neutral, short dark hair, coral pink t-shirt (#E887AA), navy blue shorts, white sneakers, simple rounded shapes, soft cel shading, clean thin dark outlines, consistent body proportions, full body always in frame, centered, plain solid chroma-green background (#00FF00), no floor shadow. Three-quarter front view, static camera. The character performs one repetition of chest and shoulder stretch: standing, clasps the hands behind the back, straightens the arms and lifts them slightly while opening the chest, holds. Very small movement, mostly a held pose with gentle breathing. Smooth seamless loop: the last frame matches the first frame. Duration 3 seconds, square 1:1.","text, letters, logo, watermark, extra limbs, extra fingers, distorted anatomy, cropped body, multiple people, background scenery, camera movement, motion blur, realistic photo, 3D render"
twist,บิดลำตัวนอน,Lying twist,"Flat 2D vector illustration of a friendly adult fitness character, gender-neutral, short dark hair, coral pink t-shirt (#E887AA), navy blue shorts, white sneakers, simple rounded shapes, soft cel shading, clean thin dark outlines, consistent body proportions, full body always in frame, centered, plain solid chroma-green background (#00FF00), no floor shadow. Three-quarter front view, static camera. The character performs one repetition of lying spinal twist: lying on the back with arms out in a T, drops both bent knees to one side while turning the head to the other side, holds. Very small movement, mostly a held pose with gentle breathing. Smooth seamless loop: the last frame matches the first frame. Duration 3 seconds, square 1:1.","text, letters, logo, watermark, extra limbs, extra fingers, distorted anatomy, cropped body, multiple people, background scenery, camera movement, motion blur, realistic photo, 3D render"
cobra,ท่างู,Cobra,"Flat 2D vector illustration of a friendly adult fitness character, gender-neutral, short dark hair, coral pink t-shirt (#E887AA), navy blue shorts, white sneakers, simple rounded shapes, soft cel shading, clean thin dark outlines, consistent body proportions, full body always in frame, centered, plain solid chroma-green background (#00FF00), no floor shadow. Side view, static camera. The character performs one repetition of cobra: lying face down with hands under the shoulders, gently presses the chest up while the hips stay on the floor, shoulders relaxed, then lowers. Smooth seamless loop: the last frame matches the first frame. Duration 3 seconds, square 1:1.","text, letters, logo, watermark, extra limbs, extra fingers, distorted anatomy, cropped body, multiple people, background scenery, camera movement, motion blur, realistic photo, 3D render"
rest,พัก,Rest,"Flat 2D vector illustration of a friendly adult fitness character, gender-neutral, short dark hair, coral pink t-shirt (#E887AA), navy blue shorts, white sneakers, simple rounded shapes, soft cel shading, clean thin dark outlines, consistent body proportions, full body always in frame, centered, plain solid chroma-green background (#00FF00), no floor shadow. Front view, static camera. The character performs one repetition of standing relaxed, taking a deep breath and sipping from a water bottle. Smooth seamless loop: the last frame matches the first frame. Duration 3 seconds, square 1:1.","text, letters, logo, watermark, extra limbs, extra fingers, distorted anatomy, cropped body, multiple people, background scenery, camera movement, motion blur, realistic photo, 3D render"
