id,name_th,name_en,reference_image,output_file,prompt,negative_prompt
march,ย่ำเท้าอยู่กับที่,March in place,art/ref_side.png,march_1.png,"Using the character in the reference image, draw them standing tall, right knee lifted to hip height, left arm swung forward, right arm back. Side view, facing right. Keep exactly the same character as the reference: same face, hair, pink t-shirt, navy shorts, white shoes, colours, proportions and flat 2D line style. Full body in frame, centered, same size as a standing character filling about 80% of the image height. Plain solid chroma-green background (#00FF00), no floor, no shadow, no text, square 1:1.","text, letters, logo, watermark, extra limbs, extra fingers, distorted anatomy, cropped body, multiple people, background scenery, floor, shadow, realistic photo, 3D render, style change"
march,ย่ำเท้าอยู่กับที่,March in place,art/ref_side.png,march_2.png,"Using the character in the reference image, draw them standing tall, left knee lifted to hip height, right arm swung forward, left arm back. Side view, facing right. Keep exactly the same character as the reference: same face, hair, pink t-shirt, navy shorts, white shoes, colours, proportions and flat 2D line style. Full body in frame, centered, same size as a standing character filling about 80% of the image height. Plain solid chroma-green background (#00FF00), no floor, no shadow, no text, square 1:1.","text, letters, logo, watermark, extra limbs, extra fingers, distorted anatomy, cropped body, multiple people, background scenery, floor, shadow, realistic photo, 3D render, style change"
armc,หมุนแขน,Arm circles,art/ref_front.png,armc_1.png,"Using the character in the reference image, draw them standing tall, both arms straight out to the sides at shoulder height, slightly lowered. Front view. Keep exactly the same character as the reference: same face, hair, pink t-shirt, navy shorts, white shoes, colours, proportions and flat 2D line style. Full body in frame, centered, same size as a standing character filling about 80% of the image height. Plain solid chroma-green background (#00FF00), no floor, no shadow, no text, square 1:1.","text, letters, logo, watermark, extra limbs, extra fingers, distorted anatomy, cropped body, multiple people, background scenery, floor, shadow, realistic photo, 3D render, style change"
armc,หมุนแขน,Arm circles,art/ref_front.png,armc_2.png,"Using the character in the reference image, draw them standing tall, both arms straight out to the sides, slightly raised above shoulder height. Front view. Keep exactly the same character as the reference: same face, hair, pink t-shirt, navy shorts, white shoes, colours, proportions and flat 2D line style. Full body in frame, centered, same size as a standing character filling about 80% of the image height. Plain solid chroma-green background (#00FF00), no floor, no shadow, no text, square 1:1.","text, letters, logo, watermark, extra limbs, extra fingers, distorted anatomy, cropped body, multiple people, background scenery, floor, shadow, realistic photo, 3D render, style change"
legsw,เหวี่ยงขา,Leg swings,art/ref_side.png,legsw_1.png,"Using the character in the reference image, draw them standing beside a plain grey wall on the right, right hand on the wall, near leg swung forward. Side view, facing right. Keep exactly the same character as the reference: same face, hair, pink t-shirt, navy shorts, white shoes, colours, proportions and flat 2D line style. Full body in frame, centered, same size as a standing character filling about 80% of the image height. Plain solid chroma-green background (#00FF00), no floor, no shadow, no text, square 1:1.","text, letters, logo, watermark, extra limbs, extra fingers, distorted anatomy, cropped body, multiple people, background scenery, floor, shadow, realistic photo, 3D render, style change"
legsw,เหวี่ยงขา,Leg swings,art/ref_side.png,legsw_2.png,"Using the character in the reference image, draw them standing beside a plain grey wall on the right, right hand on the wall, near leg swung back. Side view, facing right. Keep exactly the same character as the reference: same face, hair, pink t-shirt, navy shorts, white shoes, colours, proportions and flat 2D line style. Full body in frame, centered, same size as a standing character filling about 80% of the image height. Plain solid chroma-green background (#00FF00), no floor, no shadow, no text, square 1:1.","text, letters, logo, watermark, extra limbs, extra fingers, distorted anatomy, cropped body, multiple people, background scenery, floor, shadow, realistic photo, 3D render, style change"
squat,สควอท,Squats,art/ref_side.png,squat_1.png,"Using the character in the reference image, draw them standing tall, feet shoulder-width, arms straight forward at shoulder height. Side view, facing right. Keep exactly the same character as the reference: same face, hair, pink t-shirt, navy shorts, white shoes, colours, proportions and flat 2D line style. Full body in frame, centered, same size as a standing character filling about 80% of the image height. Plain solid chroma-green background (#00FF00), no floor, no shadow, no text, square 1:1.","text, letters, logo, watermark, extra limbs, extra fingers, distorted anatomy, cropped body, multiple people, background scenery, floor, shadow, realistic photo, 3D render, style change"
squat,สควอท,Squats,art/ref_side.png,squat_2.png,"Using the character in the reference image, draw them bottom of a squat: hips back and down, thighs parallel to the floor, chest up, arms straight forward. Side view, facing right. Keep exactly the same character as the reference: same face, hair, pink t-shirt, navy shorts, white shoes, colours, proportions and flat 2D line style. Full body in frame, centered, same size as a standing character filling about 80% of the image height. Plain solid chroma-green background (#00FF00), no floor, no shadow, no text, square 1:1.","text, letters, logo, watermark, extra limbs, extra fingers, distorted anatomy, cropped body, multiple people, background scenery, floor, shadow, realistic photo, 3D render, style change"
kpush,วิดพื้นแบบคุกเข่า,Knee push-ups,art/ref_side.png,kpush_1.png,"Using the character in the reference image, draw them knee push-up top: on knees and straight arms, hands under shoulders, straight line from head to knees. Side view, facing right. Keep exactly the same character as the reference: same face, hair, pink t-shirt, navy shorts, white shoes, colours, proportions and flat 2D line style. Full body in frame, centered, same size as a standing character filling about 80% of the image height. Plain solid chroma-green background (#00FF00), no floor, no shadow, no text, square 1:1.","text, letters, logo, watermark, extra limbs, extra fingers, distorted anatomy, cropped body, multiple people, background scenery, floor, shadow, realistic photo, 3D render, style change"
kpush,วิดพื้นแบบคุกเข่า,Knee push-ups,art/ref_side.png,kpush_2.png,"Using the character in the reference image, draw them knee push-up bottom: elbows bent, chest just above the floor, body straight from head to knees. Side view, facing right. Keep exactly the same character as the reference: same face, hair, pink t-shirt, navy shorts, white shoes, colours, proportions and flat 2D line style. Full body in frame, centered, same size as a standing character filling about 80% of the image height. Plain solid chroma-green background (#00FF00), no floor, no shadow, no text, square 1:1.","text, letters, logo, watermark, extra limbs, extra fingers, distorted anatomy, cropped body, multiple people, background scenery, floor, shadow, realistic photo, 3D render, style change"
push,วิดพื้น,Push-ups,art/ref_side.png,push_1.png,"Using the character in the reference image, draw them push-up top: high plank on straight arms, body straight from head to heels. Side view, facing right. Keep exactly the same character as the reference: same face, hair, pink t-shirt, navy shorts, white shoes, colours, proportions and flat 2D line style. Full body in frame, centered, same size as a standing character filling about 80% of the image height. Plain solid chroma-green background (#00FF00), no floor, no shadow, no text, square 1:1.","text, letters, logo, watermark, extra limbs, extra fingers, distorted anatomy, cropped body, multiple people, background scenery, floor, shadow, realistic photo, 3D render, style change"
push,วิดพื้น,Push-ups,art/ref_side.png,push_2.png,"Using the character in the reference image, draw them push-up bottom: elbows bent about 45 degrees, chest just above the floor, body straight. Side view, facing right. Keep exactly the same character as the reference: same face, hair, pink t-shirt, navy shorts, white shoes, colours, proportions and flat 2D line style. Full body in frame, centered, same size as a standing character filling about 80% of the image height. Plain solid chroma-green background (#00FF00), no floor, no shadow, no text, square 1:1.","text, letters, logo, watermark, extra limbs, extra fingers, distorted anatomy, cropped body, multiple people, background scenery, floor, shadow, realistic photo, 3D render, style change"
bridge,ยกสะโพก,Glute bridges,art/ref_side.png,bridge_1.png,"Using the character in the reference image, draw them lying on the back, knees bent, feet flat, arms on the floor along the body. Side view, facing right. Keep exactly the same character as the reference: same face, hair, pink t-shirt, navy shorts, white shoes, colours, proportions and flat 2D line style. Full body in frame, centered, same size as a standing character filling about 80% of the image height. Plain solid chroma-green background (#00FF00), no floor, no shadow, no text, square 1:1.","text, letters, logo, watermark, extra limbs, extra fingers, distorted anatomy, cropped body, multiple people, background scenery, floor, shadow, realistic photo, 3D render, style change"
bridge,ยกสะโพก,Glute bridges,art/ref_side.png,bridge_2.png,"Using the character in the reference image, draw them glute bridge top: hips lifted so knees, hips and shoulders form a straight line, feet and shoulders on the floor. Side view, facing right. Keep exactly the same character as the reference: same face, hair, pink t-shirt, navy shorts, white shoes, colours, proportions and flat 2D line style. Full body in frame, centered, same size as a standing character filling about 80% of the image height. Plain solid chroma-green background (#00FF00), no floor, no shadow, no text, square 1:1.","text, letters, logo, watermark, extra limbs, extra fingers, distorted anatomy, cropped body, multiple people, background scenery, floor, shadow, realistic photo, 3D render, style change"
lunge,ลันจ์ถอยหลัง,Reverse lunges,art/ref_side.png,lunge_1.png,"Using the character in the reference image, draw them standing tall, hands on hips. Side view, facing right. Keep exactly the same character as the reference: same face, hair, pink t-shirt, navy shorts, white shoes, colours, proportions and flat 2D line style. Full body in frame, centered, same size as a standing character filling about 80% of the image height. Plain solid chroma-green background (#00FF00), no floor, no shadow, no text, square 1:1.","text, letters, logo, watermark, extra limbs, extra fingers, distorted anatomy, cropped body, multiple people, background scenery, floor, shadow, realistic photo, 3D render, style change"
lunge,ลันจ์ถอยหลัง,Reverse lunges,art/ref_side.png,lunge_2.png,"Using the character in the reference image, draw them reverse lunge bottom: one foot stepped back, both knees bent about 90 degrees, back knee just above the floor, torso upright, hands on hips. Side view, facing right. Keep exactly the same character as the reference: same face, hair, pink t-shirt, navy shorts, white shoes, colours, proportions and flat 2D line style. Full body in frame, centered, same size as a standing character filling about 80% of the image height. Plain solid chroma-green background (#00FF00), no floor, no shadow, no text, square 1:1.","text, letters, logo, watermark, extra limbs, extra fingers, distorted anatomy, cropped body, multiple people, background scenery, floor, shadow, realistic photo, 3D render, style change"
plank,แพลงก์,Plank,art/ref_side.png,plank_1.png,"Using the character in the reference image, draw them forearm plank: elbows under shoulders, body straight from head to heels, looking at the floor. Side view, facing right. Keep exactly the same character as the reference: same face, hair, pink t-shirt, navy shorts, white shoes, colours, proportions and flat 2D line style. Full body in frame, centered, same size as a standing character filling about 80% of the image height. Plain solid chroma-green background (#00FF00), no floor, no shadow, no text, square 1:1.","text, letters, logo, watermark, extra limbs, extra fingers, distorted anatomy, cropped body, multiple people, background scenery, floor, shadow, realistic photo, 3D render, style change"
superman,ซูเปอร์แมน,Superman,art/ref_side.png,superman_1.png,"Using the character in the reference image, draw them lying face down, arms stretched forward on the floor, legs straight on the floor. Side view, facing right. Keep exactly the same character as the reference: same face, hair, pink t-shirt, navy shorts, white shoes, colours, proportions and flat 2D line style. Full body in frame, centered, same size as a standing character filling about 80% of the image height. Plain solid chroma-green background (#00FF00), no floor, no shadow, no text, square 1:1.","text, letters, logo, watermark, extra limbs, extra fingers, distorted anatomy, cropped body, multiple people, background scenery, floor, shadow, realistic photo, 3D render, style change"
superman,ซูเปอร์แมน,Superman,art/ref_side.png,superman_2.png,"Using the character in the reference image, draw them superman: arms, chest and legs lifted a few centimetres off the floor at the same time, belly on the floor. Side view, facing right. Keep exactly the same character as the reference: same face, hair, pink t-shirt, navy shorts, white shoes, colours, proportions and flat 2D line style. Full body in frame, centered, same size as a standing character filling about 80% of the image height. Plain solid chroma-green background (#00FF00), no floor, no shadow, no text, square 1:1.","text, letters, logo, watermark, extra limbs, extra fingers, distorted anatomy, cropped body, multiple people, background scenery, floor, shadow, realistic photo, 3D render, style change"
deadbug,เดดบัก,Dead bug,art/ref_three_quarter.png,deadbug_1.png,"Using the character in the reference image, draw them lying on the back, arms pointing straight up, knees bent 90 degrees above the hips (tabletop). Three-quarter front view. Keep exactly the same character as the reference: same face, hair, pink t-shirt, navy shorts, white shoes, colours, proportions and flat 2D line style. Full body in frame, centered, same size as a standing character filling about 80% of the image height. Plain solid chroma-green background (#00FF00), no floor, no shadow, no text, square 1:1.","text, letters, logo, watermark, extra limbs, extra fingers, distorted anatomy, cropped body, multiple people, background scenery, floor, shadow, realistic photo, 3D render, style change"
deadbug,เดดบัก,Dead bug,art/ref_three_quarter.png,deadbug_2.png,"Using the character in the reference image, draw them lying on the back, one arm reaching overhead toward the floor and the opposite leg straight out just above the floor, other arm and leg still in tabletop. Three-quarter front view. Keep exactly the same character as the reference: same face, hair, pink t-shirt, navy shorts, white shoes, colours, proportions and flat 2D line style. Full body in frame, centered, same size as a standing character filling about 80% of the image height. Plain solid chroma-green background (#00FF00), no floor, no shadow, no text, square 1:1.","text, letters, logo, watermark, extra limbs, extra fingers, distorted anatomy, cropped body, multiple people, background scenery, floor, shadow, realistic photo, 3D render, style change"
dips,ดิปกับเก้าอี้,Chair dips,art/ref_side.png,dips_1.png,"Using the character in the reference image, draw them sitting on the front edge of a sturdy wooden chair, hands gripping the edge beside the hips, knees bent 90 degrees, hips just off the seat with straight arms. Side view, facing right. Keep exactly the same character as the reference: same face, hair, pink t-shirt, navy shorts, white shoes, colours, proportions and flat 2D line style. Full body in frame, centered, same size as a standing character filling about 80% of the image height. Plain solid chroma-green background (#00FF00), no floor, no shadow, no text, square 1:1.","text, letters, logo, watermark, extra limbs, extra fingers, distorted anatomy, cropped body, multiple people, background scenery, floor, shadow, realistic photo, 3D render, style change"
dips,ดิปกับเก้าอี้,Chair dips,art/ref_side.png,dips_2.png,"Using the character in the reference image, draw them chair dip bottom: elbows bent to 90 degrees pointing back, hips lowered in front of the chair, knees bent. Side view, facing right. Keep exactly the same character as the reference: same face, hair, pink t-shirt, navy shorts, white shoes, colours, proportions and flat 2D line style. Full body in frame, centered, same size as a standing character filling about 80% of the image height. Plain solid chroma-green background (#00FF00), no floor, no shadow, no text, square 1:1.","text, letters, logo, watermark, extra limbs, extra fingers, distorted anatomy, cropped body, multiple people, background scenery, floor, shadow, realistic photo, 3D render, style change"
wallsit,นั่งพิงกำแพง,Wall sit,art/ref_side.png,wallsit_1.png,"Using the character in the reference image, draw them wall sit: back flat against a plain grey wall, knees bent 90 degrees, thighs parallel to the floor, arms crossed on the chest. Side view, facing right. Keep exactly the same character as the reference: same face, hair, pink t-shirt, navy shorts, white shoes, colours, proportions and flat 2D line style. Full body in frame, centered, same size as a standing character filling about 80% of the image height. Plain solid chroma-green background (#00FF00), no floor, no shadow, no text, square 1:1.","text, letters, logo, watermark, extra limbs, extra fingers, distorted anatomy, cropped body, multiple people, background scenery, floor, shadow, realistic photo, 3D render, style change"
calf,เขย่งปลายเท้า,Calf raises,art/ref_side.png,calf_1.png,"Using the character in the reference image, draw them standing tall, feet flat, hands on hips. Side view, facing right. Keep exactly the same character as the reference: same face, hair, pink t-shirt, navy shorts, white shoes, colours, proportions and flat 2D line style. Full body in frame, centered, same size as a standing character filling about 80% of the image height. Plain solid chroma-green background (#00FF00), no floor, no shadow, no text, square 1:1.","text, letters, logo, watermark, extra limbs, extra fingers, distorted anatomy, cropped body, multiple people, background scenery, floor, shadow, realistic photo, 3D render, style change"
calf,เขย่งปลายเท้า,Calf raises,art/ref_side.png,calf_2.png,"Using the character in the reference image, draw them standing tall up on the balls of the feet, heels raised high, hands on hips. Side view, facing right. Keep exactly the same character as the reference: same face, hair, pink t-shirt, navy shorts, white shoes, colours, proportions and flat 2D line style. Full body in frame, centered, same size as a standing character filling about 80% of the image height. Plain solid chroma-green background (#00FF00), no floor, no shadow, no text, square 1:1.","text, letters, logo, watermark, extra limbs, extra fingers, distorted anatomy, cropped body, multiple people, background scenery, floor, shadow, realistic photo, 3D render, style change"
splank,แพลงก์ด้านข้าง,Side plank,art/ref_front.png,splank_1.png,"Using the character in the reference image, draw them side plank: propped on one straight arm, hips lifted so the body is a straight diagonal line, top arm raised to the ceiling. Front view. Keep exactly the same character as the reference: same face, hair, pink t-shirt, navy shorts, white shoes, colours, proportions and flat 2D line style. Full body in frame, centered, same size as a standing character filling about 80% of the image height. Plain solid chroma-green background (#00FF00), no floor, no shadow, no text, square 1:1.","text, letters, logo, watermark, extra limbs, extra fingers, distorted anatomy, cropped body, multiple people, background scenery, floor, shadow, realistic photo, 3D render, style change"
stepup,ก้าวขึ้นบันได,Step-ups,art/ref_side.png,stepup_1.png,"Using the character in the reference image, draw them standing in front of a low wooden box, one foot placed on top of the box. Side view, facing right. Keep exactly the same character as the reference: same face, hair, pink t-shirt, navy shorts, white shoes, colours, proportions and flat 2D line style. Full body in frame, centered, same size as a standing character filling about 80% of the image height. Plain solid chroma-green background (#00FF00), no floor, no shadow, no text, square 1:1.","text, letters, logo, watermark, extra limbs, extra fingers, distorted anatomy, cropped body, multiple people, background scenery, floor, shadow, realistic photo, 3D render, style change"
stepup,ก้าวขึ้นบันได,Step-ups,art/ref_side.png,stepup_2.png,"Using the character in the reference image, draw them standing fully on top of the low wooden box, both legs straight, arms by the sides. Side view, facing right. Keep exactly the same character as the reference: same face, hair, pink t-shirt, navy shorts, white shoes, colours, proportions and flat 2D line style. Full body in frame, centered, same size as a standing character filling about 80% of the image height. Plain solid chroma-green background (#00FF00), no floor, no shadow, no text, square 1:1.","text, letters, logo, watermark, extra limbs, extra fingers, distorted anatomy, cropped body, multiple people, background scenery, floor, shadow, realistic photo, 3D render, style change"
jacks,กระโดดตบ,Jumping jacks,art/ref_front.png,jacks_1.png,"Using the character in the reference image, draw them standing, feet together, arms by the sides. Front view. Keep exactly the same character as the reference: same face, hair, pink t-shirt, navy shorts, white shoes, colours, proportions and flat 2D line style. Full body in frame, centered, same size as a standing character filling about 80% of the image height. Plain solid chroma-green background (#00FF00), no floor, no shadow, no text, square 1:1.","text, letters, logo, watermark, extra limbs, extra fingers, distorted anatomy, cropped body, multiple people, background scenery, floor, shadow, realistic photo, 3D render, style change"
jacks,กระโดดตบ,Jumping jacks,art/ref_front.png,jacks_2.png,"Using the character in the reference image, draw them jumping jack: feet wide apart, both arms straight overhead. Front view. Keep exactly the same character as the reference: same face, hair, pink t-shirt, navy shorts, white shoes, colours, proportions and flat 2D line style. Full body in frame, centered, same size as a standing character filling about 80% of the image height. Plain solid chroma-green background (#00FF00), no floor, no shadow, no text, square 1:1.","text, letters, logo, watermark, extra limbs, extra fingers, distorted anatomy, cropped body, multiple people, background scenery, floor, shadow, realistic photo, 3D render, style change"
knees,วิ่งยกเข่าสูง,High knees,art/ref_side.png,knees_1.png,"Using the character in the reference image, draw them running in place, right knee driven up to hip height, arms bent and pumping. Side view, facing right. Keep exactly the same character as the reference: same face, hair, pink t-shirt, navy shorts, white shoes, colours, proportions and flat 2D line style. Full body in frame, centered, same size as a standing character filling about 80% of the image height. Plain solid chroma-green background (#00FF00), no floor, no shadow, no text, square 1:1.","text, letters, logo, watermark, extra limbs, extra fingers, distorted anatomy, cropped body, multiple people, background scenery, floor, shadow, realistic photo, 3D render, style change"
knees,วิ่งยกเข่าสูง,High knees,art/ref_side.png,knees_2.png,"Using the character in the reference image, draw them running in place, left knee driven up to hip height, arms bent and pumping. Side view, facing right. Keep exactly the same character as the reference: same face, hair, pink t-shirt, navy shorts, white shoes, colours, proportions and flat 2D line style. Full body in frame, centered, same size as a standing character filling about 80% of the image height. Plain solid chroma-green background (#00FF00), no floor, no shadow, no text, square 1:1.","text, letters, logo, watermark, extra limbs, extra fingers, distorted anatomy, cropped body, multiple people, background scenery, floor, shadow, realistic photo, 3D render, style change"
climb,เมาท์เทนไคลม์เบอร์,Mountain climbers,art/ref_side.png,climb_1.png,"Using the character in the reference image, draw them high plank on straight arms, right knee pulled toward the chest, left leg straight back. Side view, facing right. Keep exactly the same character as the reference: same face, hair, pink t-shirt, navy shorts, white shoes, colours, proportions and flat 2D line style. Full body in frame, centered, same size as a standing character filling about 80% of the image height. Plain solid chroma-green background (#00FF00), no floor, no shadow, no text, square 1:1.","text, letters, logo, watermark, extra limbs, extra fingers, distorted anatomy, cropped body, multiple people, background scenery, floor, shadow, realistic photo, 3D render, style change"
climb,เมาท์เทนไคลม์เบอร์,Mountain climbers,art/ref_side.png,climb_2.png,"Using the character in the reference image, draw them high plank on straight arms, left knee pulled toward the chest, right leg straight back. Side view, facing right. Keep exactly the same character as the reference: same face, hair, pink t-shirt, navy shorts, white shoes, colours, proportions and flat 2D line style. Full body in frame, centered, same size as a standing character filling about 80% of the image height. Plain solid chroma-green background (#00FF00), no floor, no shadow, no text, square 1:1.","text, letters, logo, watermark, extra limbs, extra fingers, distorted anatomy, cropped body, multiple people, background scenery, floor, shadow, realistic photo, 3D render, style change"
skater,สเก็ตเตอร์,Skaters,art/ref_front.png,skater_1.png,"Using the character in the reference image, draw them landing on the right foot, left foot swept behind the right leg, arms swinging across the body to the right. Front view. Keep exactly the same character as the reference: same face, hair, pink t-shirt, navy shorts, white shoes, colours, proportions and flat 2D line style. Full body in frame, centered, same size as a standing character filling about 80% of the image height. Plain solid chroma-green background (#00FF00), no floor, no shadow, no text, square 1:1.","text, letters, logo, watermark, extra limbs, extra fingers, distorted anatomy, cropped body, multiple people, background scenery, floor, shadow, realistic photo, 3D render, style change"
skater,สเก็ตเตอร์,Skaters,art/ref_front.png,skater_2.png,"Using the character in the reference image, draw them landing on the left foot, right foot swept behind the left leg, arms swinging across the body to the left. Front view. Keep exactly the same character as the reference: same face, hair, pink t-shirt, navy shorts, white shoes, colours, proportions and flat 2D line style. Full body in frame, centered, same size as a standing character filling about 80% of the image height. Plain solid chroma-green background (#00FF00), no floor, no shadow, no text, square 1:1.","text, letters, logo, watermark, extra limbs, extra fingers, distorted anatomy, cropped body, multiple people, background scenery, floor, shadow, realistic photo, 3D render, style change"
burpee,เบอร์พี,Burpees,art/ref_side.png,burpee_1.png,"Using the character in the reference image, draw them deep squat with both hands on the floor in front of the feet. Side view, facing right. Keep exactly the same character as the reference: same face, hair, pink t-shirt, navy shorts, white shoes, colours, proportions and flat 2D line style. Full body in frame, centered, same size as a standing character filling about 80% of the image height. Plain solid chroma-green background (#00FF00), no floor, no shadow, no text, square 1:1.","text, letters, logo, watermark, extra limbs, extra fingers, distorted anatomy, cropped body, multiple people, background scenery, floor, shadow, realistic photo, 3D render, style change"
burpee,เบอร์พี,Burpees,art/ref_side.png,burpee_2.png,"Using the character in the reference image, draw them high plank on straight arms, body straight. Side view, facing right. Keep exactly the same character as the reference: same face, hair, pink t-shirt, navy shorts, white shoes, colours, proportions and flat 2D line style. Full body in frame, centered, same size as a standing character filling about 80% of the image height. Plain solid chroma-green background (#00FF00), no floor, no shadow, no text, square 1:1.","text, letters, logo, watermark, extra limbs, extra fingers, distorted anatomy, cropped body, multiple people, background scenery, floor, shadow, realistic photo, 3D render, style change"
burpee,เบอร์พี,Burpees,art/ref_side.png,burpee_3.png,"Using the character in the reference image, draw them jumping up from the floor, both arms straight overhead. Side view, facing right. Keep exactly the same character as the reference: same face, hair, pink t-shirt, navy shorts, white shoes, colours, proportions and flat 2D line style. Full body in frame, centered, same size as a standing character filling about 80% of the image height. Plain solid chroma-green background (#00FF00), no floor, no shadow, no text, square 1:1.","text, letters, logo, watermark, extra limbs, extra fingers, distorted anatomy, cropped body, multiple people, background scenery, floor, shadow, realistic photo, 3D render, style change"
box,ชกลม,Shadow boxing,art/ref_three_quarter.png,box_1.png,"Using the character in the reference image, draw them boxing stance with fists by the chin, right arm punching straight forward. Three-quarter front view. Keep exactly the same character as the reference: same face, hair, pink t-shirt, navy shorts, white shoes, colours, proportions and flat 2D line style. Full body in frame, centered, same size as a standing character filling about 80% of the image height. Plain solid chroma-green background (#00FF00), no floor, no shadow, no text, square 1:1.","text, letters, logo, watermark, extra limbs, extra fingers, distorted anatomy, cropped body, multiple people, background scenery, floor, shadow, realistic photo, 3D render, style change"
box,ชกลม,Shadow boxing,art/ref_three_quarter.png,box_2.png,"Using the character in the reference image, draw them boxing stance with fists by the chin, left arm punching straight forward. Three-quarter front view. Keep exactly the same character as the reference: same face, hair, pink t-shirt, navy shorts, white shoes, colours, proportions and flat 2D line style. Full body in frame, centered, same size as a standing character filling about 80% of the image height. Plain solid chroma-green background (#00FF00), no floor, no shadow, no text, square 1:1.","text, letters, logo, watermark, extra limbs, extra fingers, distorted anatomy, cropped body, multiple people, background scenery, floor, shadow, realistic photo, 3D render, style change"
gsquat,สควอทดัมเบล,Goblet squats,art/ref_side.png,gsquat_1.png,"Using the character in the reference image, draw them standing tall, holding one dumbbell vertically against the chest with both hands. Side view, facing right. Keep exactly the same character as the reference: same face, hair, pink t-shirt, navy shorts, white shoes, colours, proportions and flat 2D line style. Full body in frame, centered, same size as a standing character filling about 80% of the image height. Plain solid chroma-green background (#00FF00), no floor, no shadow, no text, square 1:1.","text, letters, logo, watermark, extra limbs, extra fingers, distorted anatomy, cropped body, multiple people, background scenery, floor, shadow, realistic photo, 3D render, style change"
gsquat,สควอทดัมเบล,Goblet squats,art/ref_side.png,gsquat_2.png,"Using the character in the reference image, draw them goblet squat bottom: thighs parallel to the floor, chest up, dumbbell held at the chest, elbows inside the knees. Side view, facing right. Keep exactly the same character as the reference: same face, hair, pink t-shirt, navy shorts, white shoes, colours, proportions and flat 2D line style. Full body in frame, centered, same size as a standing character filling about 80% of the image height. Plain solid chroma-green background (#00FF00), no floor, no shadow, no text, square 1:1.","text, letters, logo, watermark, extra limbs, extra fingers, distorted anatomy, cropped body, multiple people, background scenery, floor, shadow, realistic photo, 3D render, style change"
bench,ดันอก (เบนช์เพรส),Bench press,art/ref_side.png,bench_1.png,"Using the character in the reference image, draw them lying on a flat gym bench, feet on the floor, two dumbbells pressed straight up above the chest. Side view, facing right. Keep exactly the same character as the reference: same face, hair, pink t-shirt, navy shorts, white shoes, colours, proportions and flat 2D line style. Full body in frame, centered, same size as a standing character filling about 80% of the image height. Plain solid chroma-green background (#00FF00), no floor, no shadow, no text, square 1:1.","text, letters, logo, watermark, extra limbs, extra fingers, distorted anatomy, cropped body, multiple people, background scenery, floor, shadow, realistic photo, 3D render, style change"
bench,ดันอก (เบนช์เพรส),Bench press,art/ref_side.png,bench_2.png,"Using the character in the reference image, draw them lying on a flat gym bench, dumbbells lowered to chest level, elbows bent below the bench line. Side view, facing right. Keep exactly the same character as the reference: same face, hair, pink t-shirt, navy shorts, white shoes, colours, proportions and flat 2D line style. Full body in frame, centered, same size as a standing character filling about 80% of the image height. Plain solid chroma-green background (#00FF00), no floor, no shadow, no text, square 1:1.","text, letters, logo, watermark, extra limbs, extra fingers, distorted anatomy, cropped body, multiple people, background scenery, floor, shadow, realistic photo, 3D render, style change"
row,ซีทเต็ดโรว์,Seated row,art/ref_side.png,row_1.png,"Using the character in the reference image, draw them sitting upright at a seated cable row machine, feet on the footplate, arms straight forward holding the handle. Side view, facing right. Keep exactly the same character as the reference: same face, hair, pink t-shirt, navy shorts, white shoes, colours, proportions and flat 2D line style. Full body in frame, centered, same size as a standing character filling about 80% of the image height. Plain solid chroma-green background (#00FF00), no floor, no shadow, no text, square 1:1.","text, letters, logo, watermark, extra limbs, extra fingers, distorted anatomy, cropped body, multiple people, background scenery, floor, shadow, realistic photo, 3D render, style change"
row,ซีทเต็ดโรว์,Seated row,art/ref_side.png,row_2.png,"Using the character in the reference image, draw them sitting upright, handle pulled to the belly, elbows behind the body, shoulder blades squeezed. Side view, facing right. Keep exactly the same character as the reference: same face, hair, pink t-shirt, navy shorts, white shoes, colours, proportions and flat 2D line style. Full body in frame, centered, same size as a standing character filling about 80% of the image height. Plain solid chroma-green background (#00FF00), no floor, no shadow, no text, square 1:1.","text, letters, logo, watermark, extra limbs, extra fingers, distorted anatomy, cropped body, multiple people, background scenery, floor, shadow, realistic photo, 3D render, style change"
latpd,แลตพูลดาวน์,Lat pulldown,art/ref_three_quarter.png,latpd_1.png,"Using the character in the reference image, draw them sitting at a lat pulldown machine, thighs under the pads, arms straight up holding a wide bar. Three-quarter front view. Keep exactly the same character as the reference: same face, hair, pink t-shirt, navy shorts, white shoes, colours, proportions and flat 2D line style. Full body in frame, centered, same size as a standing character filling about 80% of the image height. Plain solid chroma-green background (#00FF00), no floor, no shadow, no text, square 1:1.","text, letters, logo, watermark, extra limbs, extra fingers, distorted anatomy, cropped body, multiple people, background scenery, floor, shadow, realistic photo, 3D render, style change"
latpd,แลตพูลดาวน์,Lat pulldown,art/ref_three_quarter.png,latpd_2.png,"Using the character in the reference image, draw them bar pulled down to the upper chest, elbows pointing down and slightly back. Three-quarter front view. Keep exactly the same character as the reference: same face, hair, pink t-shirt, navy shorts, white shoes, colours, proportions and flat 2D line style. Full body in frame, centered, same size as a standing character filling about 80% of the image height. Plain solid chroma-green background (#00FF00), no floor, no shadow, no text, square 1:1.","text, letters, logo, watermark, extra limbs, extra fingers, distorted anatomy, cropped body, multiple people, background scenery, floor, shadow, realistic photo, 3D render, style change"
ohp,ดันไหล่ดัมเบล,Shoulder press,art/ref_side.png,ohp_1.png,"Using the character in the reference image, draw them sitting on an upright gym bench, two dumbbells held at shoulder height, palms forward. Side view, facing right. Keep exactly the same character as the reference: same face, hair, pink t-shirt, navy shorts, white shoes, colours, proportions and flat 2D line style. Full body in frame, centered, same size as a standing character filling about 80% of the image height. Plain solid chroma-green background (#00FF00), no floor, no shadow, no text, square 1:1.","text, letters, logo, watermark, extra limbs, extra fingers, distorted anatomy, cropped body, multiple people, background scenery, floor, shadow, realistic photo, 3D render, style change"
ohp,ดันไหล่ดัมเบล,Shoulder press,art/ref_side.png,ohp_2.png,"Using the character in the reference image, draw them dumbbells pressed straight overhead, arms straight. Side view, facing right. Keep exactly the same character as the reference: same face, hair, pink t-shirt, navy shorts, white shoes, colours, proportions and flat 2D line style. Full body in frame, centered, same size as a standing character filling about 80% of the image height. Plain solid chroma-green background (#00FF00), no floor, no shadow, no text, square 1:1.","text, letters, logo, watermark, extra limbs, extra fingers, distorted anatomy, cropped body, multiple people, background scenery, floor, shadow, realistic photo, 3D render, style change"
rdl,โรมาเนียนเดดลิฟต์,Romanian deadlift,art/ref_side.png,rdl_1.png,"Using the character in the reference image, draw them standing tall holding two dumbbells in front of the thighs. Side view, facing right. Keep exactly the same character as the reference: same face, hair, pink t-shirt, navy shorts, white shoes, colours, proportions and flat 2D line style. Full body in frame, centered, same size as a standing character filling about 80% of the image height. Plain solid chroma-green background (#00FF00), no floor, no shadow, no text, square 1:1.","text, letters, logo, watermark, extra limbs, extra fingers, distorted anatomy, cropped body, multiple people, background scenery, floor, shadow, realistic photo, 3D render, style change"
rdl,โรมาเนียนเดดลิฟต์,Romanian deadlift,art/ref_side.png,rdl_2.png,"Using the character in the reference image, draw them Romanian deadlift: hips pushed back, flat back nearly parallel to the floor, knees slightly bent, dumbbells at mid-shin. Side view, facing right. Keep exactly the same character as the reference: same face, hair, pink t-shirt, navy shorts, white shoes, colours, proportions and flat 2D line style. Full body in frame, centered, same size as a standing character filling about 80% of the image height. Plain solid chroma-green background (#00FF00), no floor, no shadow, no text, square 1:1.","text, letters, logo, watermark, extra limbs, extra fingers, distorted anatomy, cropped body, multiple people, background scenery, floor, shadow, realistic photo, 3D render, style change"
lpress,เลกเพรส,Leg press,art/ref_side.png,lpress_1.png,"Using the character in the reference image, draw them sitting in a leg press machine, back on the backrest, feet on the platform, knees bent close to the chest. Side view, facing right. Keep exactly the same character as the reference: same face, hair, pink t-shirt, navy shorts, white shoes, colours, proportions and flat 2D line style. Full body in frame, centered, same size as a standing character filling about 80% of the image height. Plain solid chroma-green background (#00FF00), no floor, no shadow, no text, square 1:1.","text, letters, logo, watermark, extra limbs, extra fingers, distorted anatomy, cropped body, multiple people, background scenery, floor, shadow, realistic photo, 3D render, style change"
lpress,เลกเพรส,Leg press,art/ref_side.png,lpress_2.png,"Using the character in the reference image, draw them legs pushed out almost straight against the platform, knees not locked. Side view, facing right. Keep exactly the same character as the reference: same face, hair, pink t-shirt, navy shorts, white shoes, colours, proportions and flat 2D line style. Full body in frame, centered, same size as a standing character filling about 80% of the image height. Plain solid chroma-green background (#00FF00), no floor, no shadow, no text, square 1:1.","text, letters, logo, watermark, extra limbs, extra fingers, distorted anatomy, cropped body, multiple people, background scenery, floor, shadow, realistic photo, 3D render, style change"
curl,ดัมเบลเคิร์ล,Biceps curls,art/ref_front.png,curl_1.png,"Using the character in the reference image, draw them standing tall, dumbbells hanging by the sides, palms forward. Front view. Keep exactly the same character as the reference: same face, hair, pink t-shirt, navy shorts, white shoes, colours, proportions and flat 2D line style. Full body in frame, centered, same size as a standing character filling about 80% of the image height. Plain solid chroma-green background (#00FF00), no floor, no shadow, no text, square 1:1.","text, letters, logo, watermark, extra limbs, extra fingers, distorted anatomy, cropped body, multiple people, background scenery, floor, shadow, realistic photo, 3D render, style change"
curl,ดัมเบลเคิร์ล,Biceps curls,art/ref_front.png,curl_2.png,"Using the character in the reference image, draw them dumbbells curled up to the shoulders, elbows tucked at the sides. Front view. Keep exactly the same character as the reference: same face, hair, pink t-shirt, navy shorts, white shoes, colours, proportions and flat 2D line style. Full body in frame, centered, same size as a standing character filling about 80% of the image height. Plain solid chroma-green background (#00FF00), no floor, no shadow, no text, square 1:1.","text, letters, logo, watermark, extra limbs, extra fingers, distorted anatomy, cropped body, multiple people, background scenery, floor, shadow, realistic photo, 3D render, style change"
triext,ไทรเซปส์เอ็กซ์เทนชัน,Triceps extension,art/ref_side.png,triext_1.png,"Using the character in the reference image, draw them standing tall, one dumbbell held overhead with both hands, arms straight. Side view, facing right. Keep exactly the same character as the reference: same face, hair, pink t-shirt, navy shorts, white shoes, colours, proportions and flat 2D line style. Full body in frame, centered, same size as a standing character filling about 80% of the image height. Plain solid chroma-green background (#00FF00), no floor, no shadow, no text, square 1:1.","text, letters, logo, watermark, extra limbs, extra fingers, distorted anatomy, cropped body, multiple people, background scenery, floor, shadow, realistic photo, 3D render, style change"
triext,ไทรเซปส์เอ็กซ์เทนชัน,Triceps extension,art/ref_side.png,triext_2.png,"Using the character in the reference image, draw them elbows bent, dumbbell lowered behind the head, upper arms pointing up. Side view, facing right. Keep exactly the same character as the reference: same face, hair, pink t-shirt, navy shorts, white shoes, colours, proportions and flat 2D line style. Full body in frame, centered, same size as a standing character filling about 80% of the image height. Plain solid chroma-green background (#00FF00), no floor, no shadow, no text, square 1:1.","text, letters, logo, watermark, extra limbs, extra fingers, distorted anatomy, cropped body, multiple people, background scenery, floor, shadow, realistic photo, 3D render, style change"
walk,เดินเร็ว,Brisk walk,art/ref_side.png,walk_1.png,"Using the character in the reference image, draw them walking, right leg forward, left arm forward. Side view, facing right. Keep exactly the same character as the reference: same face, hair, pink t-shirt, navy shorts, white shoes, colours, proportions and flat 2D line style. Full body in frame, centered, same size as a standing character filling about 80% of the image height. Plain solid chroma-green background (#00FF00), no floor, no shadow, no text, square 1:1.","text, letters, logo, watermark, extra limbs, extra fingers, distorted anatomy, cropped body, multiple people, background scenery, floor, shadow, realistic photo, 3D render, style change"
walk,เดินเร็ว,Brisk walk,art/ref_side.png,walk_2.png,"Using the character in the reference image, draw them walking, left leg forward, right arm forward. Side view, facing right. Keep exactly the same character as the reference: same face, hair, pink t-shirt, navy shorts, white shoes, colours, proportions and flat 2D line style. Full body in frame, centered, same size as a standing character filling about 80% of the image height. Plain solid chroma-green background (#00FF00), no floor, no shadow, no text, square 1:1.","text, letters, logo, watermark, extra limbs, extra fingers, distorted anatomy, cropped body, multiple people, background scenery, floor, shadow, realistic photo, 3D render, style change"
jog,วิ่งเหยาะ,Easy jog,art/ref_side.png,jog_1.png,"Using the character in the reference image, draw them jogging, right knee forward, left foot pushing off behind, arms bent. Side view, facing right. Keep exactly the same character as the reference: same face, hair, pink t-shirt, navy shorts, white shoes, colours, proportions and flat 2D line style. Full body in frame, centered, same size as a standing character filling about 80% of the image height. Plain solid chroma-green background (#00FF00), no floor, no shadow, no text, square 1:1.","text, letters, logo, watermark, extra limbs, extra fingers, distorted anatomy, cropped body, multiple people, background scenery, floor, shadow, realistic photo, 3D render, style change"
jog,วิ่งเหยาะ,Easy jog,art/ref_side.png,jog_2.png,"Using the character in the reference image, draw them jogging, left knee forward, right foot pushing off behind, arms bent. Side view, facing right. Keep exactly the same character as the reference: same face, hair, pink t-shirt, navy shorts, white shoes, colours, proportions and flat 2D line style. Full body in frame, centered, same size as a standing character filling about 80% of the image height. Plain solid chroma-green background (#00FF00), no floor, no shadow, no text, square 1:1.","text, letters, logo, watermark, extra limbs, extra fingers, distorted anatomy, cropped body, multiple people, background scenery, floor, shadow, realistic photo, 3D render, style change"
bike,ปั่นจักรยาน,Cycling,art/ref_side.png,bike_1.png,"Using the character in the reference image, draw them riding a stationary exercise bike, right pedal at the top, left pedal at the bottom. Side view, facing right. Keep exactly the same character as the reference: same face, hair, pink t-shirt, navy shorts, white shoes, colours, proportions and flat 2D line style. Full body in frame, centered, same size as a standing character filling about 80% of the image height. Plain solid chroma-green background (#00FF00), no floor, no shadow, no text, square 1:1.","text, letters, logo, watermark, extra limbs, extra fingers, distorted anatomy, cropped body, multiple people, background scenery, floor, shadow, realistic photo, 3D render, style change"
bike,ปั่นจักรยาน,Cycling,art/ref_side.png,bike_2.png,"Using the character in the reference image, draw them riding a stationary exercise bike, left pedal at the top, right pedal at the bottom. Side view, facing right. Keep exactly the same character as the reference: same face, hair, pink t-shirt, navy shorts, white shoes, colours, proportions and flat 2D line style. Full body in frame, centered, same size as a standing character filling about 80% of the image height. Plain solid chroma-green background (#00FF00), no floor, no shadow, no text, square 1:1.","text, letters, logo, watermark, extra limbs, extra fingers, distorted anatomy, cropped body, multiple people, background scenery, floor, shadow, realistic photo, 3D render, style change"
ellip,เครื่องเดินวงรี,Elliptical,art/ref_side.png,ellip_1.png,"Using the character in the reference image, draw them on an elliptical trainer, right foot forward, left hand pushing the handle. Side view, facing right. Keep exactly the same character as the reference: same face, hair, pink t-shirt, navy shorts, white shoes, colours, proportions and flat 2D line style. Full body in frame, centered, same size as a standing character filling about 80% of the image height. Plain solid chroma-green background (#00FF00), no floor, no shadow, no text, square 1:1.","text, letters, logo, watermark, extra limbs, extra fingers, distorted anatomy, cropped body, multiple people, background scenery, floor, shadow, realistic photo, 3D render, style change"
ellip,เครื่องเดินวงรี,Elliptical,art/ref_side.png,ellip_2.png,"Using the character in the reference image, draw them on an elliptical trainer, left foot forward, right hand pushing the handle. Side view, facing right. Keep exactly the same character as the reference: same face, hair, pink t-shirt, navy shorts, white shoes, colours, proportions and flat 2D line style. Full body in frame, centered, same size as a standing character filling about 80% of the image height. Plain solid chroma-green background (#00FF00), no floor, no shadow, no text, square 1:1.","text, letters, logo, watermark, extra limbs, extra fingers, distorted anatomy, cropped body, multiple people, background scenery, floor, shadow, realistic photo, 3D render, style change"
catcow,แมว-วัว,Cat-cow,art/ref_side.png,catcow_1.png,"Using the character in the reference image, draw them on hands and knees, back arched down, head and tailbone lifted (cow). Side view, facing right. Keep exactly the same character as the reference: same face, hair, pink t-shirt, navy shorts, white shoes, colours, proportions and flat 2D line style. Full body in frame, centered, same size as a standing character filling about 80% of the image height. Plain solid chroma-green background (#00FF00), no floor, no shadow, no text, square 1:1.","text, letters, logo, watermark, extra limbs, extra fingers, distorted anatomy, cropped body, multiple people, background scenery, floor, shadow, realistic photo, 3D render, style change"
catcow,แมว-วัว,Cat-cow,art/ref_side.png,catcow_2.png,"Using the character in the reference image, draw them on hands and knees, back rounded up toward the ceiling, chin tucked (cat). Side view, facing right. Keep exactly the same character as the reference: same face, hair, pink t-shirt, navy shorts, white shoes, colours, proportions and flat 2D line style. Full body in frame, centered, same size as a standing character filling about 80% of the image height. Plain solid chroma-green background (#00FF00), no floor, no shadow, no text, square 1:1.","text, letters, logo, watermark, extra limbs, extra fingers, distorted anatomy, cropped body, multiple people, background scenery, floor, shadow, realistic photo, 3D render, style change"
child,ท่าเด็ก,Child's pose,art/ref_side.png,child_1.png,"Using the character in the reference image, draw them child's pose: kneeling, hips sitting back on the heels, torso folded over the thighs, forehead on the floor, arms stretched forward on the floor. Side view, facing right. Keep exactly the same character as the reference: same face, hair, pink t-shirt, navy shorts, white shoes, colours, proportions and flat 2D line style. Full body in frame, centered, same size as a standing character filling about 80% of the image height. Plain solid chroma-green background (#00FF00), no floor, no shadow, no text, square 1:1.","text, letters, logo, watermark, extra limbs, extra fingers, distorted anatomy, cropped body, multiple people, background scenery, floor, shadow, realistic photo, 3D render, style change"
ham,ยืดต้นขาหลัง,Hamstring stretch,art/ref_side.png,ham_1.png,"Using the character in the reference image, draw them sitting on the floor, one leg straight forward, the other knee bent with the foot near the hip, torso upright. Side view, facing right. Keep exactly the same character as the reference: same face, hair, pink t-shirt, navy shorts, white shoes, colours, proportions and flat 2D line style. Full body in frame, centered, same size as a standing character filling about 80% of the image height. Plain solid chroma-green background (#00FF00), no floor, no shadow, no text, square 1:1.","text, letters, logo, watermark, extra limbs, extra fingers, distorted anatomy, cropped body, multiple people, background scenery, floor, shadow, realistic photo, 3D render, style change"
ham,ยืดต้นขาหลัง,Hamstring stretch,art/ref_side.png,ham_2.png,"Using the character in the reference image, draw them same seat, leaning forward from the hips reaching both hands toward the toes of the straight leg. Side view, facing right. Keep exactly the same character as the reference: same face, hair, pink t-shirt, navy shorts, white shoes, colours, proportions and flat 2D line style. Full body in frame, centered, same size as a standing character filling about 80% of the image height. Plain solid chroma-green background (#00FF00), no floor, no shadow, no text, square 1:1.","text, letters, logo, watermark, extra limbs, extra fingers, distorted anatomy, cropped body, multiple people, background scenery, floor, shadow, realistic photo, 3D render, style change"
hip,ยืดสะโพกด้านหน้า,Hip flexor stretch,art/ref_side.png,hip_1.png,"Using the character in the reference image, draw them half kneeling: back knee on the floor, front foot flat with knee at 90 degrees, torso upright, hands on the front knee. Side view, facing right. Keep exactly the same character as the reference: same face, hair, pink t-shirt, navy shorts, white shoes, colours, proportions and flat 2D line style. Full body in frame, centered, same size as a standing character filling about 80% of the image height. Plain solid chroma-green background (#00FF00), no floor, no shadow, no text, square 1:1.","text, letters, logo, watermark, extra limbs, extra fingers, distorted anatomy, cropped body, multiple people, background scenery, floor, shadow, realistic photo, 3D render, style change"
hip,ยืดสะโพกด้านหน้า,Hip flexor stretch,art/ref_side.png,hip_2.png,"Using the character in the reference image, draw them same position with the hips shifted forward to stretch the front of the back hip, torso upright. Side view, facing right. Keep exactly the same character as the reference: same face, hair, pink t-shirt, navy shorts, white shoes, colours, proportions and flat 2D line style. Full body in frame, centered, same size as a standing character filling about 80% of the image height. Plain solid chroma-green background (#00FF00), no floor, no shadow, no text, square 1:1.","text, letters, logo, watermark, extra limbs, extra fingers, distorted anatomy, cropped body, multiple people, background scenery, floor, shadow, realistic photo, 3D render, style change"
chest,ยืดอกและไหล่,Chest & shoulder stretch,art/ref_three_quarter.png,chest_1.png,"Using the character in the reference image, draw them standing tall, hands clasped behind the back, arms straight and lifted slightly, chest open. Three-quarter front view. Keep exactly the same character as the reference: same face, hair, pink t-shirt, navy shorts, white shoes, colours, proportions and flat 2D line style. Full body in frame, centered, same size as a standing character filling about 80% of the image height. Plain solid chroma-green background (#00FF00), no floor, no shadow, no text, square 1:1.","text, letters, logo, watermark, extra limbs, extra fingers, distorted anatomy, cropped body, multiple people, background scenery, floor, shadow, realistic photo, 3D render, style change"
twist,บิดลำตัวนอน,Lying twist,art/ref_three_quarter.png,twist_1.png,"Using the character in the reference image, draw them lying on the back, arms out in a T on the floor, knees bent and pointing up. Three-quarter front view. Keep exactly the same character as the reference: same face, hair, pink t-shirt, navy shorts, white shoes, colours, proportions and flat 2D line style. Full body in frame, centered, same size as a standing character filling about 80% of the image height. Plain solid chroma-green background (#00FF00), no floor, no shadow, no text, square 1:1.","text, letters, logo, watermark, extra limbs, extra fingers, distorted anatomy, cropped body, multiple people, background scenery, floor, shadow, realistic photo, 3D render, style change"
twist,บิดลำตัวนอน,Lying twist,art/ref_three_quarter.png,twist_2.png,"Using the character in the reference image, draw them lying on the back, arms out in a T, both bent knees dropped to one side, head turned the other way. Three-quarter front view. Keep exactly the same character as the reference: same face, hair, pink t-shirt, navy shorts, white shoes, colours, proportions and flat 2D line style. Full body in frame, centered, same size as a standing character filling about 80% of the image height. Plain solid chroma-green background (#00FF00), no floor, no shadow, no text, square 1:1.","text, letters, logo, watermark, extra limbs, extra fingers, distorted anatomy, cropped body, multiple people, background scenery, floor, shadow, realistic photo, 3D render, style change"
cobra,ท่างู,Cobra,art/ref_side.png,cobra_1.png,"Using the character in the reference image, draw them lying face down, hands on the floor under the shoulders, elbows bent. Side view, facing right. Keep exactly the same character as the reference: same face, hair, pink t-shirt, navy shorts, white shoes, colours, proportions and flat 2D line style. Full body in frame, centered, same size as a standing character filling about 80% of the image height. Plain solid chroma-green background (#00FF00), no floor, no shadow, no text, square 1:1.","text, letters, logo, watermark, extra limbs, extra fingers, distorted anatomy, cropped body, multiple people, background scenery, floor, shadow, realistic photo, 3D render, style change"
cobra,ท่างู,Cobra,art/ref_side.png,cobra_2.png,"Using the character in the reference image, draw them cobra: chest pressed up on straight arms, hips on the floor, shoulders relaxed. Side view, facing right. Keep exactly the same character as the reference: same face, hair, pink t-shirt, navy shorts, white shoes, colours, proportions and flat 2D line style. Full body in frame, centered, same size as a standing character filling about 80% of the image height. Plain solid chroma-green background (#00FF00), no floor, no shadow, no text, square 1:1.","text, letters, logo, watermark, extra limbs, extra fingers, distorted anatomy, cropped body, multiple people, background scenery, floor, shadow, realistic photo, 3D render, style change"
rest,พัก,Rest,art/ref_front.png,rest_1.png,"Using the character in the reference image, draw them standing relaxed, holding a water bottle at chest height. Front view. Keep exactly the same character as the reference: same face, hair, pink t-shirt, navy shorts, white shoes, colours, proportions and flat 2D line style. Full body in frame, centered, same size as a standing character filling about 80% of the image height. Plain solid chroma-green background (#00FF00), no floor, no shadow, no text, square 1:1.","text, letters, logo, watermark, extra limbs, extra fingers, distorted anatomy, cropped body, multiple people, background scenery, floor, shadow, realistic photo, 3D render, style change"
